"STATION","DATE","LATITUDE","LONGITUDE","ELEVATION","NAME","TEMP","TEMP_ATTRIBUTES","DEWP","DEWP_ATTRIBUTES","SLP","SLP_ATTRIBUTES","STP","STP_ATTRIBUTES","VISIB","VISIB_ATTRIBUTES","WDSP","WDSP_ATTRIBUTES","MXSPD","GUST","MAX","MAX_ATTRIBUTES","MIN","MIN_ATTRIBUTES","PRCP","PRCP_ATTRIBUTES","SNDP","FRSHTT"
"03075099999","1934-01-01","58.458889","-3.093056","38.4","WICK, UK","  45.0"," 4","  44.0"," 4","1012.2"," 4","999.9"," 0"," 12.4"," 4"," 14.0"," 4"," 23.9","999.9","  48.0","*","  41.0","*","99.99"," ","999.9","010000"
"03075099999","1934-01-02","58.458889","-3.093056","38.4","WICK, UK","  42.5"," 4","  41.5"," 4","1009.9"," 4","999.9"," 0"," 12.4"," 4"," 15.0"," 4"," 23.9","999.9","  48.0"," ","  37.0"," "," 0.00","I","999.9","000000"
"03075099999","1934-01-03","58.458889","-3.093056","38.4","WICK, UK","  43.7"," 4","  42.8"," 4","1003.5"," 4","999.9"," 0"," 12.4"," 4"," 21.0"," 4"," 36.9","999.9","  46.9","*","  39.0"," "," 0.00","I","999.9","000000"
"03075099999","1934-01-04","58.458889","-3.093056","38.4","WICK, UK","  44.2"," 4","  41.0"," 4"," 990.3"," 4","999.9"," 0"," 12.4"," 4"," 13.0"," 4"," 13.0","999.9","  48.9","*","  35.1","*"," 0.00","I","999.9","000000"
"03075099999","1934-01-05","58.458889","-3.093056","38.4","WICK, UK","  37.7"," 4","  31.5"," 4","1004.2"," 4","999.9"," 0"," 12.4"," 4"," 12.2"," 4"," 18.1","999.9","  50.0"," ","  35.1"," "," 0.00","I","999.9","000000"
"03075099999","1934-01-06","58.458889","-3.093056","38.4","WICK, UK","  43.2"," 4","  40.0"," 4","1002.1"," 4","999.9"," 0"," 12.4"," 4"," 19.7"," 4"," 36.9","999.9","  45.0","*","  35.1"," "," 0.00","I","999.9","000000"
"03075099999","1934-01-07","58.458889","-3.093056","38.4","WICK, UK","  40.5"," 4","  35.7"," 4"," 998.9"," 4","999.9"," 0"," 12.4"," 4","  9.0"," 4"," 13.0","999.9","  45.0"," ","  37.0"," "," 0.00","I","999.9","000000"
"03075099999","1934-01-08","58.458889","-3.093056","38.4","WICK, UK","  37.5"," 4","  34.2"," 4","1000.6"," 4","999.9"," 0"," 12.4"," 4"," 18.5"," 4"," 23.9","999.9","  45.0"," ","  34.0"," ","99.99"," ","999.9","011000"
"03075099999","1934-01-09","58.458889","-3.093056","38.4","WICK, UK","  42.0"," 4","  37.3"," 4","1011.4"," 4","999.9"," 0"," 12.4"," 4"," 17.4"," 4"," 23.9","999.9","  45.0","*","  34.0"," "," 0.00","I","999.9","000000"
"03075099999","1934-01-10","58.458889","-3.093056","38.4","WICK, UK","  45.0"," 4","  41.8"," 4","1003.6"," 4","999.9"," 0"," 12.4"," 4"," 16.3"," 4"," 36.9","999.9","  46.9","*","  42.1"," "," 0.00","I","999.9","000000"
"03075099999","1934-01-11","58.458889","-3.093056","38.4","WICK, UK","  45.8"," 4","  42.5"," 4"," 990.6"," 4","999.9"," 0","  9.3"," 4"," 33.7"," 4"," 36.9","999.9","  46.9"," ","  36.0"," "," 0.00","I","999.9","000000"
"03075099999","1934-01-12","58.458889","-3.093056","38.4","WICK, UK","  42.8"," 4","  38.0"," 4"," 976.5"," 4","999.9"," 0"," 12.4"," 4"," 21.0"," 4"," 23.9","999.9","  46.9"," ","  37.0"," "," 0.00","I","999.9","000000"
"03075099999","1934-01-13","58.458889","-3.093056","38.4","WICK, UK","  41.8"," 4","  37.8"," 4"," 983.0"," 4","999.9"," 0"," 12.4"," 4"," 15.2"," 4"," 29.9","999.9","  44.1"," ","  37.9","*"," 0.00","I","999.9","000000"
"03075099999","1934-01-15","58.458889","-3.093056","38.4","WICK, UK","  41.2"," 4","  38.0"," 4"," 979.9"," 4","999.9"," 0"," 12.4"," 4"," 13.0"," 4"," 13.0","999.9","  44.1","*","  39.0"," ","99.99"," ","999.9","010000"
"03075099999","1934-01-16","58.458889","-3.093056","38.4","WICK, UK","  40.0"," 4","  36.1"," 4"," 995.0"," 4","999.9"," 0"," 12.4"," 4"," 11.0"," 4"," 13.0","999.9","  45.0"," ","  39.0"," ","99.99"," ","999.9","010000"
"03075099999","1934-01-17","58.458889","-3.093056","38.4","WICK, UK","  43.6"," 4","  38.8"," 4"," 978.1"," 4","999.9"," 0"," 12.4"," 4"," 17.0"," 4"," 23.9","999.9","  48.0","*","  36.0"," ","99.99"," ","999.9","010000"
"03075099999","1934-01-18","58.458889","-3.093056","38.4","WICK, UK","  41.5"," 4","  37.5"," 4"," 978.9"," 4","999.9"," 0"," 12.4"," 4"," 22.2"," 4"," 36.9","999.9","  48.0"," ","  39.0","*","99.99"," ","999.9","010000"
"03075099999","1934-01-19","58.458889","-3.093056","38.4","WICK, UK","  38.8"," 4","  32.5"," 4","1005.1"," 4","999.9"," 0"," 12.4"," 4"," 17.0"," 4"," 23.9","999.9","  42.1"," ","  37.0"," ","99.99"," ","999.9","010000"
"03075099999","1934-01-20","58.458889","-3.093056","38.4","WICK, UK","  39.0"," 4","  32.8"," 4","1028.5"," 4","999.9"," 0"," 12.4"," 4"," 11.2"," 4"," 18.1","999.9","  42.1","*","  33.1"," "," 0.00","I","999.9","000000"
"03075099999","1934-01-21","58.458889","-3.093056","38.4","WICK, UK","  42.8"," 4","  36.2"," 4","1026.3"," 4","999.9"," 0"," 12.4"," 4"," 19.7"," 4"," 36.9","999.9","  44.1","*","  39.0"," "," 0.00","I","999.9","000000"
"03075099999","1934-01-22","58.458889","-3.093056","38.4","WICK, UK","  45.3"," 4","  39.7"," 4","1019.0"," 4","999.9"," 0"," 12.4"," 4"," 30.4"," 4"," 36.9","999.9","  46.0","*","  37.9"," "," 0.00","I","999.9","000000"
"03075099999","1934-01-23","58.458889","-3.093056","38.4","WICK, UK","  42.0"," 4","  37.3"," 4","1023.4"," 4","999.9"," 0"," 12.4"," 4"," 10.0"," 4"," 13.0","999.9","  46.0"," ","  37.9"," ","99.99"," ","999.9","010000"
"03075099999","1934-01-24","58.458889","-3.093056","38.4","WICK, UK","  47.5"," 4","  42.5"," 4","1020.3"," 4","999.9"," 0"," 12.4"," 4"," 19.7"," 4"," 23.9","999.9","  48.0","*","  45.0"," "," 0.00","I","999.9","000000"
"03075099999","1934-01-25","58.458889","-3.093056","38.4","WICK, UK","  42.5"," 4","  39.2"," 4","1013.2"," 4","999.9"," 0"," 10.9"," 4"," 21.2"," 4"," 23.9","999.9","  48.0"," ","  39.9"," "," 0.00","I","999.9","000000"
"03075099999","1934-01-26","58.458889","-3.093056","38.4","WICK, UK","  42.0"," 4","  41.0"," 4","1003.2"," 4","999.9"," 0"," 12.4"," 4"," 10.0"," 4"," 13.0","999.9","  44.1"," ","  39.0","*"," 0.00","I","999.9","000000"
"03075099999","1934-01-27","58.458889","-3.093056","38.4","WICK, UK","  39.0"," 4","  37.2"," 4","1018.1"," 4","999.9"," 0"," 10.9"," 4"," 11.0"," 4"," 13.0","999.9","  44.1"," ","  34.0"," ","99.99"," ","999.9","010000"
"03075099999","1934-01-28","58.458889","-3.093056","38.4","WICK, UK","  39.0"," 4","  37.2"," 4","1030.9"," 4","999.9"," 0"," 12.4"," 4","  6.0"," 4","  8.9","999.9","  44.1","*","  33.1"," "," 0.00","I","999.9","000000"
"03075099999","1934-01-29","58.458889","-3.093056","38.4","WICK, UK","  42.8"," 4","  41.0"," 4","1029.2"," 4","999.9"," 0"," 12.4"," 4"," 10.0"," 4"," 13.0","999.9","  45.0","*","  37.9"," "," 0.00","I","999.9","000000"
"03075099999","1934-01-30","58.458889","-3.093056","38.4","WICK, UK","  43.7"," 4","  41.2"," 4","1030.6"," 4","999.9"," 0"," 12.4"," 4","  6.0"," 4","  8.9","999.9","  46.9","*","  41.0"," "," 0.00","I","999.9","000000"
"03075099999","1934-01-31","58.458889","-3.093056","38.4","WICK, UK","  41.7"," 4","  37.8"," 4","1038.1"," 4","999.9"," 0"," 12.4"," 4"," 11.6"," 4"," 18.1","999.9","  45.0"," ","  35.1"," ","99.99"," ","999.9","010000"
"03075099999","1934-02-01","58.458889","-3.093056","38.4","WICK, UK","  42.0"," 4","  41.0"," 4","1041.1"," 4","999.9"," 0"," 12.4"," 4","  7.0"," 4","  8.9","999.9","  44.1"," ","  39.9"," "," 0.00","I","999.9","000000"
"03075099999","1934-02-02","58.458889","-3.093056","38.4","WICK, UK","  43.5"," 4","  42.5"," 4","1035.5"," 4","999.9"," 0","  8.4"," 4","  9.0"," 4"," 13.0","999.9","  48.0","*","  36.0"," ","99.99"," ","999.9","010000"
"03075099999","1934-02-03","58.458889","-3.093056","38.4","WICK, UK","  47.0"," 4","  46.0"," 4","1033.8"," 4","999.9"," 0","  7.5"," 4","  7.0"," 4","  8.9","999.9","  48.0"," ","  46.0"," ","99.99"," ","999.9","010000"
"03075099999","1934-02-04","58.458889","-3.093056","38.4","WICK, UK","  42.7"," 4","  41.0"," 4","1032.9"," 4","999.9"," 0"," 12.4"," 4","  7.0"," 4","  8.9","999.9","  48.0"," ","  39.0"," "," 0.00","I","999.9","000000"
"03075099999","1934-02-05","58.458889","-3.093056","38.4","WICK, UK","  43.2"," 4","  40.7"," 4","1023.6"," 4","999.9"," 0"," 12.4"," 4"," 13.5"," 4"," 18.1","999.9","  48.0","*","  35.1"," "," 0.00","I","999.9","000000"
"03075099999","1934-02-06","58.458889","-3.093056","38.4","WICK, UK","  47.7"," 4","  45.2"," 4","1018.6"," 4","999.9"," 0"," 12.4"," 4"," 13.3"," 4"," 18.1","999.9","  48.9"," ","  45.0"," "," 0.00","I","999.9","000000"
"03075099999","1934-02-07","58.458889","-3.093056","38.4","WICK, UK","  48.5"," 4","  45.3"," 4","1008.1"," 4","999.9"," 0"," 12.4"," 4"," 17.0"," 4"," 23.9","999.9","  50.0","*","  43.0"," "," 0.00","I","999.9","000000"
"03075099999","1934-02-08","58.458889","-3.093056","38.4","WICK, UK","  40.5"," 4","  39.5"," 4","1004.2"," 4","999.9"," 0"," 12.4"," 4"," 25.7"," 4"," 36.9","999.9","  50.0"," ","  35.1","*","99.99"," ","999.9","010000"
"03075099999","1934-02-09","58.458889","-3.093056","38.4","WICK, UK","  46.3"," 4","  43.7"," 4","1009.9"," 4","999.9"," 0"," 12.4"," 4"," 17.2"," 4"," 23.9","999.9","  51.1","*","  35.1"," "," 0.00","I","999.9","000000"
"03075099999","1934-02-11","58.458889","-3.093056","38.4","WICK, UK","  45.7"," 4","  44.7"," 4","1019.0"," 4","999.9"," 0"," 12.4"," 4"," 15.5"," 4"," 18.1","999.9","  50.0","*","  37.9"," ","99.99"," ","999.9","010000"
"03075099999","1934-02-12","58.458889","-3.093056","38.4","WICK, UK","  45.8"," 4","  44.7"," 4","1033.1"," 4","999.9"," 0"," 12.4"," 4"," 10.0"," 4"," 13.0","999.9","  50.0"," ","  42.1"," "," 0.00","I","999.9","000000"
"03075099999","1934-02-13","58.458889","-3.093056","38.4","WICK, UK","  41.8"," 4","  38.4"," 4","1032.4"," 4","999.9"," 0"," 12.4"," 4"," 11.0"," 4"," 13.0","999.9","  45.0","*","  33.1"," "," 0.00","I","999.9","000000"
"03075099999","1934-02-14","58.458889","-3.093056","38.4","WICK, UK","  44.0"," 4","  43.0"," 4","1035.0"," 4","999.9"," 0"," 12.4"," 4","  8.0"," 4","  8.9","999.9","  46.9","*","  35.1"," "," 0.00","I","999.9","000000"
"03075099999","1934-02-15","58.458889","-3.093056","38.4","WICK, UK","  44.2"," 4","  43.2"," 4","1040.9"," 4","999.9"," 0"," 12.4"," 4","  8.0"," 4"," 13.0","999.9","  50.0","*","  36.0"," "," 0.00","I","999.9","000000"
"03075099999","1934-02-16","58.458889","-3.093056","38.4","WICK, UK","  44.7"," 4","  42.3"," 4","1040.8"," 4","999.9"," 0"," 12.4"," 4","  7.0"," 4","  8.9","999.9","  50.0","*","  39.9"," "," 0.00","I","999.9","000000"
"03075099999","1934-02-17","58.458889","-3.093056","38.4","WICK, UK","  44.0"," 4","  42.3"," 4","1038.7"," 4","999.9"," 0"," 12.4"," 4","  9.0"," 4"," 13.0","999.9","  48.9","*","  39.0"," "," 0.00","I","999.9","000000"
"03075099999","1934-02-18","58.458889","-3.093056","38.4","WICK, UK","  46.2"," 4","  44.6"," 4","1031.2"," 4","999.9"," 0"," 12.4"," 4"," 14.3"," 4"," 18.1","999.9","  48.0","*","  43.0"," ","99.99"," ","999.9","010000"
"03075099999","1934-02-20","58.458889","-3.093056","38.4","WICK, UK","  41.3"," 4","  40.2"," 4","1022.4"," 4","999.9"," 0"," 12.4"," 4"," 15.5"," 4"," 18.1","999.9","  45.0","*","  36.0"," ","99.99"," ","999.9","010000"
"03075099999","1934-02-21","58.458889","-3.093056","38.4","WICK, UK","  46.8"," 4","  45.0"," 4","1019.7"," 4","999.9"," 0"," 12.4"," 4"," 15.5"," 4"," 18.1","999.9","  48.9","*","  45.0"," ","99.99"," ","999.9","010000"
"03075099999","1934-02-22","58.458889","-3.093056","38.4","WICK, UK","  48.7"," 4","  47.0"," 4","1014.8"," 4","999.9"," 0"," 12.4"," 4"," 12.0"," 4"," 13.0","999.9","  52.0","*","  42.1"," ","99.99"," ","999.9","010000"
"03075099999","1934-02-23","58.458889","-3.093056","38.4","WICK, UK","  48.7"," 4","  47.8"," 4","1012.8"," 4","999.9"," 0"," 12.4"," 4"," 15.5"," 4"," 18.1","999.9","  53.1"," ","  46.0"," "," 0.00","I","999.9","000000"
"03075099999","1934-02-24","58.458889","-3.093056","38.4","WICK, UK","  43.5"," 4","  42.5"," 4","1001.8"," 4","999.9"," 0"," 12.4"," 4"," 15.0"," 4"," 23.9","999.9","  52.0"," ","  41.0","*"," 0.00","I","999.9","000000"
"03075099999","1934-02-25","58.458889","-3.093056","38.4","WICK, UK","  37.5"," 4","  35.0"," 4","1007.2"," 4","999.9"," 0"," 12.4"," 4"," 15.0"," 4"," 23.9","999.9","  48.0"," ","  34.0"," ","99.99"," ","999.9","010000"
"03075099999","1934-02-26","58.458889","-3.093056","38.4","WICK, UK","  29.8"," 4","  27.5"," 4","1020.6"," 4","999.9"," 0"," 12.4"," 4"," 25.4"," 4"," 29.9","999.9","  42.1"," ","  23.0"," ","99.99"," ","999.9","001000"
"03075099999","1934-02-27","58.458889","-3.093056","38.4","WICK, UK","  36.3"," 4","  31.5"," 4","1018.0"," 4","999.9"," 0"," 12.4"," 4"," 21.0"," 4"," 23.9","999.9","  37.0","*","  32.0"," "," 0.00","I","999.9","000000"
"03075099999","1934-03-03","58.458889","-3.093056","38.4","WICK, UK","  38.0"," 4","  36.3"," 4","1005.2"," 4","999.9"," 0"," 12.4"," 4"," 10.0"," 4"," 13.0","999.9","  46.9"," ","  33.1"," "," 0.00","I","999.9","000000"
"03075099999","1934-03-04","58.458889","-3.093056","38.4","WICK, UK","  40.7"," 4","  39.0"," 4","1009.1"," 4","999.9"," 0"," 12.4"," 4"," 13.0"," 4"," 13.0","999.9","  46.9"," ","  34.0"," "," 0.00","I","999.9","000000"
"03075099999","1934-03-05","58.458889","-3.093056","38.4","WICK, UK","  39.5"," 4","  37.7"," 4"," 990.2"," 4","999.9"," 0"," 12.4"," 4"," 15.5"," 4"," 18.1","999.9","  46.9"," ","  37.0","*","99.99"," ","999.9","010000"
"03075099999","1934-03-06","58.458889","-3.093056","38.4","WICK, UK","  36.3"," 4","  34.5"," 4"," 985.4"," 4","999.9"," 0"," 12.4"," 4"," 14.7"," 4"," 23.9","999.9","  43.0"," ","  34.0"," ","99.99"," ","999.9","010000"
"03075099999","1934-03-07","58.458889","-3.093056","38.4","WICK, UK","  34.5"," 4","  33.5"," 4"," 993.9"," 4","999.9"," 0"," 12.4"," 4"," 10.0"," 4"," 13.0","999.9","  42.1"," ","  30.9"," ","99.99"," ","999.9","010000"
"03075099999","1934-03-08","58.458889","-3.093056","38.4","WICK, UK","  38.3"," 4","  35.7"," 4","1003.4"," 4","999.9"," 0"," 12.4"," 4","  9.0"," 4"," 13.0","999.9","  44.1","*","  33.1"," "," 0.00","I","999.9","000000"
"03075099999","1934-03-09","58.458889","-3.093056","38.4","WICK, UK","  39.0"," 4","  31.8"," 4","1008.3"," 4","999.9"," 0"," 12.4"," 4","  7.0"," 4","  8.9","999.9","  45.0"," ","  30.0"," "," 0.00","I","999.9","000000"
"03075099999","1934-03-10","58.458889","-3.093056","38.4","WICK, UK","  40.7"," 4","  36.0"," 4","1005.2"," 4","999.9"," 0"," 12.4"," 4"," 13.0"," 4"," 13.0","999.9","  44.1"," ","  36.0"," "," 0.00","I","999.9","000000"
"03075099999","1934-03-11","58.458889","-3.093056","38.4","WICK, UK","  39.7"," 4","  34.0"," 4"," 998.0"," 4","999.9"," 0"," 12.4"," 4"," 15.5"," 4"," 18.1","999.9","  42.1"," ","  37.0"," "," 0.00","I","999.9","000000"
"03075099999","1934-03-12","58.458889","-3.093056","38.4","WICK, UK","  39.7"," 4","  36.5"," 4"," 997.9"," 4","999.9"," 0"," 12.4"," 4"," 33.7"," 4"," 36.9","999.9","  42.1"," ","  35.1"," "," 0.00","I","999.9","000000"
"03075099999","1934-03-13","58.458889","-3.093056","38.4","WICK, UK","  38.8"," 4","  33.3"," 4"," 998.9"," 4","999.9"," 0"," 12.4"," 4"," 14.5"," 4"," 18.1","999.9","  41.0"," ","  35.1"," ","99.99"," ","999.9","010100"
"03075099999","1934-03-14","58.458889","-3.093056","38.4","WICK, UK","  31.7"," 4","  30.8"," 4"," 988.3"," 4","999.9"," 0"," 12.4"," 4","  8.0"," 4","  8.9","999.9","  42.1"," ","  25.0"," "," 0.00","I","999.9","000000"
"03075099999","1934-03-16","58.458889","-3.093056","38.4","WICK, UK","  38.3"," 4","  34.0"," 4"," 977.9"," 4","999.9"," 0"," 12.4"," 4"," 17.0"," 4"," 36.9","999.9","  41.0"," ","  34.0"," ","99.99"," ","999.9","010000"
"03075099999","1934-03-17","58.458889","-3.093056","38.4","WICK, UK","  39.5"," 4","  37.7"," 4"," 967.7"," 4","999.9"," 0","  9.3"," 4"," 18.0"," 4"," 29.9","999.9","  41.0"," ","  33.1"," ","99.99"," ","999.9","010000"
"03075099999","1934-03-18","58.458889","-3.093056","38.4","WICK, UK","  38.0"," 4","  37.0"," 4"," 974.6"," 4","999.9"," 0"," 10.9"," 4","  8.9"," 4","  8.9","999.9","  43.0","*","  32.0"," ","99.99"," ","999.9","010000"
"03075099999","1934-03-19","58.458889","-3.093056","38.4","WICK, UK","  39.0"," 4","  38.0"," 4"," 989.1"," 4","999.9"," 0"," 12.4"," 4","  5.1"," 4","  5.1","999.9","  45.0","*","  32.0"," "," 0.00","I","999.9","000000"
"03075099999","1934-03-20","58.458889","-3.093056","38.4","WICK, UK","  40.5"," 4","  38.8"," 4","1003.5"," 4","999.9"," 0"," 12.4"," 4"," 10.3"," 4"," 18.1","999.9","  46.9"," ","  35.1"," "," 0.00","I","999.9","000000"
"03075099999","1934-03-21","58.458889","-3.093056","38.4","WICK, UK","  41.3"," 4","  39.5"," 4","1015.0"," 4","999.9"," 0"," 12.4"," 4","  8.9"," 4","  8.9","999.9","  45.0"," ","  35.1"," "," 0.00","I","999.9","000000"
"03075099999","1934-03-22","58.458889","-3.093056","38.4","WICK, UK","  42.3"," 4","  40.5"," 4","1013.3"," 4","999.9"," 0"," 12.4"," 4"," 11.0"," 4"," 13.0","999.9","  45.0"," ","  39.0"," "," 0.00","I","999.9","000000"
"03075099999","1934-03-23","58.458889","-3.093056","38.4","WICK, UK","  40.0"," 4","  37.5"," 4","1016.6"," 4","999.9"," 0"," 12.4"," 4","  9.0"," 4"," 13.0","999.9","  46.0"," ","  30.9"," "," 0.00","I","999.9","000000"
"03075099999","1934-03-24","58.458889","-3.093056","38.4","WICK, UK","  45.5"," 4","  43.7"," 4","1013.2"," 4","999.9"," 0"," 10.9"," 4"," 18.9"," 4"," 29.9","999.9","  50.0","*","  42.1","*","99.99"," ","999.9","010000"
"03075099999","1934-03-25","58.458889","-3.093056","38.4","WICK, UK","  42.7"," 4","  40.0"," 4","1022.5"," 4","999.9"," 0"," 12.4"," 4"," 10.0"," 4"," 13.0","999.9","  55.0"," ","  34.0"," "," 0.00","I","999.9","000000"
"03075099999","1934-03-26","58.458889","-3.093056","38.4","WICK, UK","  44.1"," 4","  39.2"," 4","1014.1"," 4","999.9"," 0"," 12.4"," 4"," 11.0"," 4"," 13.0","999.9","  48.9"," ","  39.9"," "," 0.00","I","999.9","000000"
"03075099999","1934-03-27","58.458889","-3.093056","38.4","WICK, UK","  41.0"," 4","  33.5"," 4","1021.4"," 4","999.9"," 0"," 12.4"," 4","  9.0"," 4"," 13.0","999.9","  48.0"," ","  33.1"," "," 0.00","I","999.9","000000"
"03075099999","1934-03-28","58.458889","-3.093056","38.4","WICK, UK","  44.7"," 4","  40.5"," 4","1018.7"," 4","999.9"," 0"," 12.4"," 4"," 11.0"," 4"," 13.0","999.9","  51.1"," ","  39.9"," "," 0.00","I","999.9","000000"
"03075099999","1934-03-29","58.458889","-3.093056","38.4","WICK, UK","  42.3"," 4","  38.2"," 4","1019.5"," 4","999.9"," 0"," 12.4"," 4"," 16.8"," 4"," 18.1","999.9","  48.9"," ","  39.9"," "," 0.00","I","999.9","000000"
"03075099999","1934-03-30","58.458889","-3.093056","38.4","WICK, UK","  39.8"," 4","  36.5"," 4","1016.7"," 4","999.9"," 0"," 10.9"," 4"," 18.1"," 4"," 18.1","999.9","  44.1"," ","  37.0"," ","99.99"," ","999.9","010000"
"03075099999","1934-03-31","58.458889","-3.093056","38.4","WICK, UK","  41.2"," 4","  38.0"," 4","1019.1"," 4","999.9"," 0"," 10.9"," 4"," 16.8"," 4"," 18.1","999.9","  43.0","*","  37.9"," ","99.99"," ","999.9","010000"
"03075099999","1934-04-01","58.458889","-3.093056","38.4","WICK, UK","  42.3"," 4","  39.0"," 4","1024.7"," 4","999.9"," 0"," 12.4"," 4"," 12.0"," 4"," 13.0","999.9","  44.1"," ","  39.0"," ","99.99"," ","999.9","010000"
"03075099999","1934-04-02","58.458889","-3.093056","38.4","WICK, UK","  42.8"," 4","  38.8"," 4","1028.9"," 4","999.9"," 0"," 12.4"," 4"," 11.0"," 4"," 13.0","999.9","  46.0"," ","  39.9"," ","99.99"," ","999.9","010000"
"03075099999","1934-04-03","58.458889","-3.093056","38.4","WICK, UK","  41.5"," 4","  38.3"," 4","1024.3"," 4","999.9"," 0"," 12.4"," 4"," 12.0"," 4"," 13.0","999.9","  46.0"," ","  37.9"," ","99.99"," ","999.9","010100"
"03075099999","1934-04-04","58.458889","-3.093056","38.4","WICK, UK","  41.0"," 4","  39.2"," 4","1017.3"," 4","999.9"," 0"," 10.9"," 4"," 27.7"," 4"," 36.9","999.9","  46.0"," ","  39.0"," ","99.99"," ","999.9","010000"
"03075099999","1934-04-05","58.458889","-3.093056","38.4","WICK, UK","  39.7"," 4","  31.7"," 4","1018.1"," 4","999.9"," 0"," 12.4"," 4"," 27.1"," 4"," 36.9","999.9","  43.0"," ","  36.0"," ","99.99"," ","999.9","011000"
"03075099999","1934-04-06","58.458889","-3.093056","38.4","WICK, UK","  39.4"," 4","  34.7"," 4","1010.0"," 4","999.9"," 0"," 12.4"," 4"," 22.7"," 4"," 29.9","999.9","  42.1"," ","  32.0"," ","99.99"," ","999.9","011000"
"03075099999","1934-04-07","58.458889","-3.093056","38.4","WICK, UK","  36.3"," 4","  34.5"," 4","1000.4"," 4","999.9"," 0","  5.0"," 4"," 13.7"," 4"," 23.9","999.9","  42.1"," ","  33.1","*","99.99"," ","999.9","011100"
"03075099999","1934-04-08","58.458889","-3.093056","38.4","WICK, UK","  37.3"," 4","  36.2"," 4","1001.1"," 4","999.9"," 0","  7.8"," 4"," 31.7"," 4"," 43.9","999.9","  39.0","*","  30.0"," ","99.99"," ","999.9","011000"
"03075099999","1934-04-09","58.458889","-3.093056","38.4","WICK, UK","  37.8"," 4","  31.5"," 4","1013.1"," 4","999.9"," 0"," 10.9"," 4"," 27.5"," 4"," 36.9","999.9","  39.9"," ","  34.0"," ","99.99"," ","999.9","010000"
"03075099999","1934-04-10","58.458889","-3.093056","38.4","WICK, UK","  39.2"," 4","  30.3"," 4","1015.8"," 4","999.9"," 0"," 12.4"," 4"," 23.9"," 4"," 23.9","999.9","  39.9"," ","  36.0"," ","99.99"," ","999.9","010000"
"03075099999","1934-04-11","58.458889","-3.093056","38.4","WICK, UK","  38.5"," 4","  37.5"," 4","1012.8"," 4","999.9"," 0"," 10.9"," 4"," 31.9"," 4"," 36.9","999.9","  41.0"," ","  35.1"," ","99.99"," ","999.9","010000"
"03075099999","1934-04-12","58.458889","-3.093056","38.4","WICK, UK","  39.7"," 4","  37.3"," 4","1010.9"," 4","999.9"," 0","  9.3"," 4"," 36.9"," 4"," 36.9","999.9","  41.0"," ","  35.1"," ","99.99"," ","999.9","010000"
"03075099999","1934-04-13","58.458889","-3.093056","38.4","WICK, UK","  43.5"," 4","  41.7"," 4","1006.8"," 4","999.9"," 0","  7.8"," 4"," 19.0"," 4"," 36.9","999.9","  48.9","*","  37.0"," ","99.99"," ","999.9","010000"
"03075099999","1934-04-14","58.458889","-3.093056","38.4","WICK, UK","  45.5"," 4","  44.5"," 4","1003.7"," 4","999.9"," 0","  6.2"," 4"," 19.7"," 4"," 23.9","999.9","  50.0"," ","  44.1"," ","99.99"," ","999.9","010000"
"03075099999","1934-04-15","58.458889","-3.093056","38.4","WICK, UK","  46.5"," 4","  45.5"," 4","1002.2"," 4","999.9"," 0","  7.8"," 4"," 17.0"," 4"," 23.9","999.9","  46.9","*","  44.1"," ","99.99"," ","999.9","010000"
"03075099999","1934-04-16","58.458889","-3.093056","38.4","WICK, UK","  52.5"," 4","  46.5"," 4","1000.9"," 4","999.9"," 0"," 12.4"," 4"," 24.5"," 4"," 36.9","999.9","  59.0","*","  46.0"," "," 0.00","I","999.9","000000"
"03075099999","1934-04-17","58.458889","-3.093056","38.4","WICK, UK","  49.0"," 4","  47.3"," 4","1003.1"," 4","999.9"," 0"," 12.4"," 4","  7.0"," 4","  8.9","999.9","  60.1"," ","  45.0"," "," 0.00","I","999.9","000000"
"03075099999","1934-04-18","58.458889","-3.093056","38.4","WICK, UK","  45.0"," 4","  44.0"," 4"," 996.3"," 4","999.9"," 0","  4.4"," 4","  4.5"," 4","  8.9","999.9","  55.0"," ","  44.1"," ","99.99"," ","999.9","110000"
"03075099999","1934-04-19","58.458889","-3.093056","38.4","WICK, UK","  42.5"," 4","  41.5"," 4","1000.0"," 4","999.9"," 0","  9.9"," 4","  8.0"," 4","  8.9","999.9","  46.9"," ","  41.0"," ","99.99"," ","999.9","010000"
"03075099999","1934-04-20","58.458889","-3.093056","38.4","WICK, UK","  42.2"," 4","  39.7"," 4","1005.4"," 4","999.9"," 0"," 12.4"," 4","  8.0"," 4"," 13.0","999.9","  46.9","*","  34.0"," ","99.99"," ","999.9","010000"
"03075099999","1934-04-21","58.458889","-3.093056","38.4","WICK, UK","  46.5"," 4","  43.2"," 4"," 994.5"," 4","999.9"," 0"," 12.4"," 4"," 10.3"," 4"," 18.1","999.9","  48.0"," ","  39.0"," "," 0.00","I","999.9","000000"
"03075099999","1934-04-22","58.458889","-3.093056","38.4","WICK, UK","  44.8"," 4","  41.5"," 4"," 998.5"," 4","999.9"," 0"," 12.4"," 4","  9.0"," 4"," 13.0","999.9","  51.1"," ","  39.9"," ","99.99"," ","999.9","010000"
"03075099999","1934-04-23","58.458889","-3.093056","38.4","WICK, UK","  39.7"," 4","  36.5"," 4"," 997.8"," 4","999.9"," 0"," 10.9"," 4","  8.0"," 4","  8.9","999.9","  48.9"," ","  37.9"," ","99.99"," ","999.9","010000"
"03075099999","1934-04-24","58.458889","-3.093056","38.4","WICK, UK","  42.3"," 4","  38.3"," 4"," 987.6"," 4","999.9"," 0"," 10.9"," 4"," 10.0"," 4"," 13.0","999.9","  46.0"," ","  37.9"," ","99.99"," ","999.9","010000"
"03075099999","1934-04-25","58.458889","-3.093056","38.4","WICK, UK","  41.2"," 4","  37.2"," 4"," 991.7"," 4","999.9"," 0"," 12.4"," 4","  6.0"," 4","  8.9","999.9","  45.0"," ","  33.1"," "," 0.00","I","999.9","000000"
"03075099999","1934-04-26","58.458889","-3.093056","38.4","WICK, UK","  43.5"," 4","  40.2"," 4"," 999.2"," 4","999.9"," 0"," 10.9"," 4"," 10.0"," 4"," 13.0","999.9","  46.0"," ","  37.0"," ","99.99"," ","999.9","010000"
"03075099999","1934-04-27","58.458889","-3.093056","38.4","WICK, UK","  42.8"," 4","  36.3"," 4","1012.3"," 4","999.9"," 0"," 12.4"," 4"," 14.5"," 4"," 18.1","999.9","  46.9"," ","  37.0"," "," 0.00","I","999.9","000000"
"03075099999","1934-04-28","58.458889","-3.093056","38.4","WICK, UK","  41.9"," 4","  36.3"," 4","1024.3"," 4","999.9"," 0"," 12.4"," 4","  5.2"," 4","  8.9","999.9","  46.0"," ","  36.0"," "," 0.00","I","999.9","000000"
"03075099999","1934-04-29","58.458889","-3.093056","38.4","WICK, UK","  43.5"," 4","  41.0"," 4","1022.4"," 4","999.9"," 0"," 12.4"," 4","  4.5"," 4","  8.9","999.9","  46.0","*","  28.9"," "," 0.00","I","999.9","000000"
"03075099999","1934-04-30","58.458889","-3.093056","38.4","WICK, UK","  45.5"," 4","  42.0"," 4","1018.6"," 4","999.9"," 0"," 10.9"," 4","  8.0"," 4","  8.9","999.9","  54.0","*","  33.1"," "," 0.00","I","999.9","000000"
"03075099999","1934-05-01","58.458889","-3.093056","38.4","WICK, UK","  49.2"," 4","  46.0"," 4","1005.6"," 4","999.9"," 0"," 12.4"," 4"," 11.0"," 4"," 13.0","999.9","  57.0"," ","  46.0"," "," 0.00","I","999.9","000000"
"03075099999","1934-05-02","58.458889","-3.093056","38.4","WICK, UK","  50.3"," 4","  39.5"," 4","1007.9"," 4","999.9"," 0"," 12.4"," 4","  8.0"," 4","  8.9","999.9","  55.9","*","  42.1"," "," 0.00","I","999.9","000000"
"03075099999","1934-05-03","58.458889","-3.093056","38.4","WICK, UK","  46.5"," 4","  43.2"," 4","1016.0"," 4","999.9"," 0"," 12.4"," 4","  3.5"," 4","  5.1","999.9","  57.9"," ","  39.0"," "," 0.00","I","999.9","000000"
"03075099999","1934-05-04","58.458889","-3.093056","38.4","WICK, UK","  47.0"," 4","  43.8"," 4","1009.1"," 4","999.9"," 0"," 12.4"," 4","  7.2"," 4"," 13.0","999.9","  50.0"," ","  45.0"," "," 0.00","I","999.9","000000"
"03075099999","1934-05-05","58.458889","-3.093056","38.4","WICK, UK","  46.8"," 4","  44.2"," 4"," 995.6"," 4","999.9"," 0","  4.7"," 4","  6.2"," 4","  8.9","999.9","  51.1"," ","  42.1"," "," 0.00","I","999.9","100000"
"03075099999","1934-05-06","58.458889","-3.093056","38.4","WICK, UK","  45.5"," 4","  41.5"," 4","9999.9"," 0","999.9"," 0","  9.3"," 4"," 25.0"," 4"," 36.9","999.9","  54.0"," ","  42.1"," ","99.99"," ","999.9","010000"
"03075099999","1934-05-07","58.458889","-3.093056","38.4","WICK, UK","  51.0"," 4","  44.5"," 4","1006.3"," 4","999.9"," 0","  9.3"," 4"," 25.2"," 4"," 36.9","999.9","  55.9","*","  44.1"," ","99.99"," ","999.9","010000"
"03075099999","1934-05-08","58.458889","-3.093056","38.4","WICK, UK","  48.0"," 4","  46.3"," 4","1017.1"," 4","999.9"," 0"," 12.4"," 4"," 11.0"," 4"," 13.0","999.9","  57.9"," ","  42.1"," "," 0.00","I","999.9","000000"
"03075099999","1934-05-09","58.458889","-3.093056","38.4","WICK, UK","  52.2"," 4","  49.7"," 4","1018.3"," 4","999.9"," 0"," 12.4"," 4"," 11.0"," 4"," 13.0","999.9","  57.9","*","  46.0"," "," 0.00","I","999.9","000000"
"03075099999","1934-05-10","58.458889","-3.093056","38.4","WICK, UK","  55.0"," 4","  50.8"," 4","1025.0"," 4","999.9"," 0"," 17.1"," 4"," 10.0"," 4"," 13.0","999.9","  60.1"," ","  50.0"," "," 0.00","I","999.9","000000"
"03075099999","1934-05-11","58.458889","-3.093056","38.4","WICK, UK","  52.5"," 4","  49.8"," 4","1026.2"," 4","999.9"," 0"," 12.4"," 4","  7.2"," 4"," 13.0","999.9","  64.0","*","  45.0"," "," 0.00","I","999.9","000000"
"03075099999","1934-05-12","58.458889","-3.093056","38.4","WICK, UK","  47.5"," 4","  42.3"," 4","1022.7"," 4","999.9"," 0"," 12.4"," 4","  7.0"," 4","  8.9","999.9","  64.0"," ","  44.1"," ","99.99"," ","999.9","010100"
"03075099999","1934-05-13","58.458889","-3.093056","38.4","WICK, UK","  46.0"," 4","  44.2"," 4","1006.1"," 4","999.9"," 0"," 12.4"," 4"," 12.0"," 4"," 13.0","999.9","  52.0"," ","  39.0"," "," 0.00","I","999.9","000000"
"03075099999","1934-05-14","58.458889","-3.093056","38.4","WICK, UK","  41.0"," 4","  39.2"," 4","1005.7"," 4","999.9"," 0","  9.3"," 4"," 33.4"," 4"," 36.9","999.9","  52.0"," ","  35.1"," ","99.99"," ","999.9","010000"
"03075099999","1934-05-15","58.458889","-3.093056","38.4","WICK, UK","  40.1"," 4","  39.0"," 4","1006.5"," 4","999.9"," 0"," 10.9"," 4","  7.0"," 4"," 13.0","999.9","  46.0"," ","  35.1"," ","99.99"," ","999.9","010000"
"03075099999","1934-05-16","58.458889","-3.093056","38.4","WICK, UK","  42.0"," 4","  38.0"," 4"," 995.0"," 4","999.9"," 0"," 10.9"," 4"," 22.0"," 4"," 36.9","999.9","  46.0","*","  34.0"," ","99.99"," ","999.9","010000"
"03075099999","1934-05-17","58.458889","-3.093056","38.4","WICK, UK","  41.2"," 4","  35.2"," 4"," 992.3"," 4","999.9"," 0"," 12.4"," 4"," 13.5"," 4"," 18.1","999.9","  46.9","*","  32.0"," ","99.99"," ","999.9","010000"
"03075099999","1934-05-19","58.458889","-3.093056","38.4","WICK, UK","  43.5"," 4","  41.8"," 4","1004.6"," 4","999.9"," 0"," 10.9"," 4","  9.5"," 4"," 18.1","999.9","  50.0"," ","  33.1"," ","99.99"," ","999.9","010000"
"03075099999","1934-05-20","58.458889","-3.093056","38.4","WICK, UK","  48.1"," 4","  47.0"," 4","1004.9"," 4","999.9"," 0"," 12.4"," 4","  9.0"," 4"," 13.0","999.9","  53.1","*","  39.0"," ","99.99"," ","999.9","010000"
"03075099999","1934-05-21","58.458889","-3.093056","38.4","WICK, UK","  51.8"," 4","  49.3"," 4","1002.7"," 4","999.9"," 0"," 12.4"," 4"," 16.4"," 4"," 23.9","999.9","  57.0","*","  42.1"," "," 0.00","I","999.9","000000"
"03075099999","1934-05-22","58.458889","-3.093056","38.4","WICK, UK","  50.8"," 4","  47.5"," 4","1015.0"," 4","999.9"," 0"," 12.4"," 4"," 10.0"," 4"," 13.0","999.9","  59.0"," ","  46.0"," ","99.99"," ","999.9","010000"
"03075099999","1934-05-23","58.458889","-3.093056","38.4","WICK, UK","  46.5"," 4","  44.7"," 4","1023.9"," 4","999.9"," 0"," 12.4"," 4","  7.0"," 4","  8.9","999.9","  55.9"," ","  33.1"," ","99.99"," ","999.9","010000"
"03075099999","1934-05-24","58.458889","-3.093056","38.4","WICK, UK","  46.5"," 4","  43.0"," 4","1022.9"," 4","999.9"," 0"," 12.4"," 4","  7.0"," 4","  8.9","999.9","  53.1"," ","  39.0"," ","99.99"," ","999.9","010000"
"03075099999","1934-05-25","58.458889","-3.093056","38.4","WICK, UK","  42.8"," 4","  37.8"," 4","1022.1"," 4","999.9"," 0"," 12.4"," 4"," 11.0"," 4"," 13.0","999.9","  53.1"," ","  36.0"," ","99.99"," ","999.9","010000"
"03075099999","1934-05-26","58.458889","-3.093056","38.4","WICK, UK","  43.7"," 4","  40.5"," 4","1024.8"," 4","999.9"," 0"," 12.4"," 4"," 10.3"," 4"," 18.1","999.9","  50.0","*","  30.9"," ","99.99"," ","999.9","010000"
"03075099999","1934-05-27","58.458889","-3.093056","38.4","WICK, UK","  49.7"," 4","  48.8"," 4","1017.6"," 4","999.9"," 0","  6.2"," 4"," 14.8"," 4"," 18.1","999.9","  52.0","*","  44.1"," ","99.99"," ","999.9","010000"
"03075099999","1934-05-28","58.458889","-3.093056","38.4","WICK, UK","  49.7"," 4","  47.3"," 4","1018.6"," 4","999.9"," 0","  9.3"," 4"," 12.0"," 4"," 13.0","999.9","  53.1"," ","  46.0"," ","99.99"," ","999.9","010000"
"03075099999","1934-05-29","58.458889","-3.093056","38.4","WICK, UK","  50.3"," 4","  49.2"," 4","1020.6"," 4","999.9"," 0"," 15.5"," 4","  4.3"," 4","  5.1","999.9","  54.0"," ","  46.9"," ","99.99"," ","999.9","010000"
"03075099999","1934-05-30","58.458889","-3.093056","38.4","WICK, UK","  50.0"," 4","  49.0"," 4","1020.7"," 4","999.9"," 0"," 10.9"," 4","  5.2"," 4","  8.9","999.9","  55.9"," ","  42.1"," "," 0.00","I","999.9","000000"
"03075099999","1934-05-31","58.458889","-3.093056","38.4","WICK, UK","  52.2"," 4","  51.3"," 4","1018.0"," 4","999.9"," 0","  6.8"," 4","  8.0"," 4","  8.9","999.9","  55.9","*","  46.9"," "," 0.00","I","999.9","000000"
"03075099999","1934-06-01","58.458889","-3.093056","38.4","WICK, UK","  51.0"," 4","  50.0"," 4","1022.7"," 4","999.9"," 0","  7.9"," 4","  8.0"," 4","  8.9","999.9","  59.0"," ","  45.0"," "," 0.00","I","999.9","000000"
"03075099999","1934-06-02","58.458889","-3.093056","38.4","WICK, UK","  47.5"," 4","  46.5"," 4","1030.5"," 4","999.9"," 0"," 12.4"," 4","  5.1"," 4","  5.1","999.9","  57.9"," ","  37.9"," "," 0.00","I","999.9","000000"
"03075099999","1934-06-03","58.458889","-3.093056","38.4","WICK, UK","  48.7"," 4","  47.8"," 4","1030.8"," 4","999.9"," 0"," 12.4"," 4","  5.4"," 4","  8.9","999.9","  54.0","*","  37.9"," "," 0.00","I","999.9","000000"
"03075099999","1934-06-04","58.458889","-3.093056","38.4","WICK, UK","  49.7"," 4","  48.8"," 4","1025.0"," 4","999.9"," 0"," 12.4"," 4","  8.2"," 4"," 13.0","999.9","  55.9"," ","  46.9"," "," 0.00","I","999.9","000000"
"03075099999","1934-06-05","58.458889","-3.093056","38.4","WICK, UK","  47.8"," 4","  46.0"," 4","1023.4"," 4","999.9"," 0","  8.4"," 4"," 12.0"," 4"," 13.0","999.9","  54.0"," ","  45.0"," "," 0.00","I","999.9","000000"
"03075099999","1934-06-06","58.458889","-3.093056","38.4","WICK, UK","  50.5"," 4","  46.0"," 4","1021.7"," 4","999.9"," 0"," 10.9"," 4"," 11.0"," 4"," 13.0","999.9","  55.0","*","  45.0"," "," 0.00","I","999.9","000000"
"03075099999","1934-06-07","58.458889","-3.093056","38.4","WICK, UK","  49.3"," 4","  47.4"," 4","1021.2"," 4","999.9"," 0","  9.3"," 4","  8.0"," 4","  8.9","999.9","  57.0"," ","  46.9"," "," 0.00","I","999.9","100000"
"03075099999","1934-06-08","58.458889","-3.093056","38.4","WICK, UK","  49.7"," 4","  48.7"," 4","1023.9"," 4","999.9"," 0","  3.1"," 4","  5.1"," 4","  5.1","999.9","  54.0"," ","  48.0"," "," 0.00","I","999.9","100000"
"03075099999","1934-06-09","58.458889","-3.093056","38.4","WICK, UK","  50.8"," 4","  48.2"," 4","1024.9"," 4","999.9"," 0","  6.2"," 4","  5.2"," 4","  8.9","999.9","  53.1","*","  46.0"," "," 0.00","I","999.9","000000"
"03075099999","1934-06-10","58.458889","-3.093056","38.4","WICK, UK","  47.3"," 4","  46.2"," 4","1023.2"," 4","999.9"," 0","  0.0"," 4","  2.7"," 4","  5.1","999.9","  55.0"," ","  45.0"," "," 0.00","I","999.9","100000"
"03075099999","1934-06-11","58.458889","-3.093056","38.4","WICK, UK","  49.2"," 4","  45.0"," 4","1021.9"," 4","999.9"," 0","  7.8"," 4","  8.0"," 4","  8.9","999.9","  53.1","*","  44.1"," "," 0.00","I","999.9","100000"
"03075099999","1934-06-12","58.458889","-3.093056","38.4","WICK, UK","  47.8"," 4","  44.5"," 4","1021.0"," 4","999.9"," 0"," 10.9"," 4","  4.3"," 4","  5.1","999.9","  53.1"," ","  45.0"," "," 0.00","I","999.9","000000"
"03075099999","1934-06-13","58.458889","-3.093056","38.4","WICK, UK","  51.0"," 4","  50.0"," 4","1013.6"," 4","999.9"," 0","  4.7"," 4","  2.7"," 4","  5.1","999.9","  53.1","*","  42.1"," "," 0.00","I","999.9","100000"
"03075099999","1934-06-14","58.458889","-3.093056","38.4","WICK, UK","  49.5"," 4","  45.3"," 4","1019.7"," 4","999.9"," 0"," 10.9"," 4","  8.9"," 4","  8.9","999.9","  55.0"," ","  48.0"," ","99.99"," ","999.9","010000"
"03075099999","1934-06-15","58.458889","-3.093056","38.4","WICK, UK","  51.3"," 4","  49.5"," 4","1019.2"," 4","999.9"," 0","  6.8"," 4"," 10.0"," 4"," 13.0","999.9","  52.0"," ","  48.9"," ","99.99"," ","999.9","010000"
"03075099999","1934-06-16","58.458889","-3.093056","38.4","WICK, UK","  57.2"," 4","  56.3"," 4","1016.5"," 4","999.9"," 0","  6.8"," 4","  5.2"," 4","  8.9","999.9","  59.0","*","  51.1"," "," 0.00","I","999.9","000000"
"03075099999","1934-06-17","58.458889","-3.093056","38.4","WICK, UK","  54.5"," 4","  53.5"," 4","1014.4"," 4","999.9"," 0","  6.2"," 4","  3.5"," 4","  5.1","999.9","  62.1"," ","  52.0"," ","99.99"," ","999.9","010000"
"03075099999","1934-06-18","58.458889","-3.093056","38.4","WICK, UK","  54.5"," 4","  52.0"," 4","1014.0"," 4","999.9"," 0"," 12.4"," 4","  5.1"," 4","  5.1","999.9","  61.0"," ","  51.1"," "," 0.00","I","999.9","000000"
"03075099999","1934-06-19","58.458889","-3.093056","38.4","WICK, UK","  56.0"," 4","  51.5"," 4"," 997.9"," 4","999.9"," 0","  8.4"," 4","  7.0"," 4","  8.9","999.9","  61.0"," ","  52.0"," ","99.99"," ","999.9","010000"
"03075099999","1934-06-20","58.458889","-3.093056","38.4","WICK, UK","  49.2"," 4","  44.0"," 4","1004.6"," 4","999.9"," 0"," 10.9"," 4"," 17.0"," 4"," 23.9","999.9","  61.0"," ","  48.0"," ","99.99"," ","999.9","010000"
"03075099999","1934-06-21","58.458889","-3.093056","38.4","WICK, UK","  45.5"," 4","  42.0"," 4","1006.6"," 4","999.9"," 0"," 12.4"," 4","  7.0"," 4","  8.9","999.9","  52.0"," ","  39.0"," ","99.99"," ","999.9","010000"
"03075099999","1934-06-22","58.458889","-3.093056","38.4","WICK, UK","  49.0"," 4","  41.0"," 4","1005.9"," 4","999.9"," 0"," 12.4"," 4"," 14.3"," 4"," 18.1","999.9","  51.1","*","  45.0"," "," 0.00","I","999.9","000000"
"03075099999","1934-06-23","58.458889","-3.093056","38.4","WICK, UK","  48.2"," 4","  39.8"," 4","1019.9"," 4","999.9"," 0"," 12.4"," 4","  7.0"," 4","  8.9","999.9","  52.0","*","  37.0"," "," 0.00","I","999.9","000000"
"03075099999","1934-06-24","58.458889","-3.093056","38.4","WICK, UK","  50.3"," 4","  43.2"," 4","1020.7"," 4","999.9"," 0"," 12.4"," 4","  9.0"," 4"," 13.0","999.9","  53.1"," ","  46.0"," "," 0.00","I","999.9","000000"
"03075099999","1934-06-25","58.458889","-3.093056","38.4","WICK, UK","  51.7"," 4","  47.8"," 4","1016.5"," 4","999.9"," 0"," 12.4"," 4","  8.0"," 4","  8.9","999.9","  54.0","*","  48.9"," "," 0.00","I","999.9","000000"
"03075099999","1934-06-26","58.458889","-3.093056","38.4","WICK, UK","  53.5"," 4","  51.8"," 4","1010.4"," 4","999.9"," 0","  6.2"," 4","  5.1"," 4","  5.1","999.9","  55.0"," ","  48.9"," "," 0.00","I","999.9","100000"
"03075099999","1934-06-27","58.458889","-3.093056","38.4","WICK, UK","  57.5"," 4","  52.2"," 4","1007.3"," 4","999.9"," 0"," 10.9"," 4","  8.0"," 4","  8.9","999.9","  62.1","*","  52.0"," ","99.99"," ","999.9","010000"
"03075099999","1934-06-28","58.458889","-3.093056","38.4","WICK, UK","  54.5"," 4","  52.0"," 4","1015.0"," 4","999.9"," 0","  9.3"," 4","  6.0"," 4","  8.9","999.9","  62.1"," ","  51.1"," "," 0.00","I","999.9","000000"
"03075099999","1934-06-29","58.458889","-3.093056","38.4","WICK, UK","  55.3"," 4","  52.5"," 4","1024.0"," 4","999.9"," 0"," 12.4"," 4","  2.7"," 4","  5.1","999.9","  59.0"," ","  45.0"," "," 0.00","I","999.9","000000"
"03075099999","1934-06-30","58.458889","-3.093056","38.4","WICK, UK","  57.5"," 4","  51.3"," 4","1025.2"," 4","999.9"," 0"," 10.9"," 4","  5.2"," 4","  8.9","999.9","  61.0"," ","  54.0"," "," 0.00","I","999.9","000000"
"03075099999","1934-07-01","58.458889","-3.093056","38.4","WICK, UK","  56.0"," 4","  54.1"," 4","1022.8"," 4","999.9"," 0"," 10.9"," 4","  5.2"," 4","  8.9","999.9","  64.9"," ","  52.0"," ","99.99"," ","999.9","010000"
"03075099999","1934-07-02","58.458889","-3.093056","38.4","WICK, UK","  54.8"," 4","  47.7"," 4","1020.9"," 4","999.9"," 0"," 10.9"," 4"," 14.0"," 4"," 23.9","999.9","  64.0"," ","  51.1"," ","99.99"," ","999.9","010000"
"03075099999","1934-07-03","58.458889","-3.093056","38.4","WICK, UK","  54.0"," 4","  50.5"," 4","1025.5"," 4","999.9"," 0"," 10.9"," 4","  8.2"," 4"," 13.0","999.9","  57.9"," ","  51.1"," ","99.99"," ","999.9","010000"
"03075099999","1934-07-04","58.458889","-3.093056","38.4","WICK, UK","  54.3"," 4","  53.2"," 4","1022.9"," 4","999.9"," 0","  6.2"," 4","  4.3"," 4","  5.1","999.9","  57.9"," ","  50.0"," ","99.99"," ","999.9","010000"
"03075099999","1934-07-05","58.458889","-3.093056","38.4","WICK, UK","  56.0"," 4","  55.0"," 4","1020.3"," 4","999.9"," 0","  1.6"," 4","  3.5"," 4","  5.1","999.9","  60.1","*","  54.0"," "," 0.00","I","999.9","100000"
"03075099999","1934-07-06","58.458889","-3.093056","38.4","WICK, UK","  55.0"," 4","  53.3"," 4","1020.9"," 4","999.9"," 0","  3.1"," 4","  3.7"," 4","  8.9","999.9","  61.0"," ","  50.0"," "," 0.00","I","999.9","100000"
"03075099999","1934-07-07","58.458889","-3.093056","38.4","WICK, UK","  59.3"," 4","  53.5"," 4","1024.8"," 4","999.9"," 0","  8.4"," 4","  7.2"," 4","  8.9","999.9","  61.0"," ","  54.0"," "," 0.00","I","999.9","000000"
"03075099999","1934-07-08","58.458889","-3.093056","38.4","WICK, UK","  56.3"," 4","  51.8"," 4","1027.8"," 4","999.9"," 0"," 12.4"," 4","  6.0"," 4","  8.9","999.9","  63.0"," ","  48.0"," "," 0.00","I","999.9","000000"
"03075099999","1934-07-09","58.458889","-3.093056","38.4","WICK, UK","  53.7"," 4","  52.7"," 4","1025.2"," 4","999.9"," 0","  9.3"," 4","  6.0"," 4","  8.9","999.9","  61.0"," ","  46.0"," "," 0.00","I","999.9","000000"
"03075099999","1934-07-10","58.458889","-3.093056","38.4","WICK, UK","  55.5"," 4","  53.7"," 4","1021.4"," 4","999.9"," 0","  7.8"," 4"," 10.0"," 4"," 13.0","999.9","  60.1"," ","  52.0"," "," 0.00","I","999.9","000000"
"03075099999","1934-07-11","58.458889","-3.093056","38.4","WICK, UK","  57.5"," 4","  55.5"," 4","1016.0"," 4","999.9"," 0","  6.2"," 4","  8.9"," 4","  8.9","999.9","  60.1","*","  53.1"," "," 0.00","I","999.9","000000"
"03075099999","1934-07-12","58.458889","-3.093056","38.4","WICK, UK","  56.3"," 4","  54.2"," 4","1011.2"," 4","999.9"," 0","  4.7"," 4","  8.0"," 4","  8.9","999.9","  62.1"," ","  53.1"," "," 0.00","I","999.9","100000"
"03075099999","1934-07-13","58.458889","-3.093056","38.4","WICK, UK","  56.8"," 4","  54.0"," 4","1007.3"," 4","999.9"," 0"," 10.9"," 4","  6.0"," 4","  8.9","999.9","  61.0"," ","  53.1"," "," 0.00","I","999.9","000000"
"03075099999","1934-07-14","58.458889","-3.093056","38.4","WICK, UK","  57.5"," 4","  53.8"," 4","1010.0"," 4","999.9"," 0","  9.3"," 4","  9.0"," 4"," 13.0","999.9","  62.1"," ","  53.1"," ","99.99"," ","999.9","010000"
"03075099999","1934-07-15","58.458889","-3.093056","38.4","WICK, UK","  57.3"," 4","  54.3"," 4","1012.0"," 4","999.9"," 0"," 12.4"," 4","  9.0"," 4"," 13.0","999.9","  62.1","*","  48.9"," "," 0.00","I","999.9","000000"
"03075099999","1934-07-16","58.458889","-3.093056","38.4","WICK, UK","  59.2"," 4","  54.8"," 4","1012.1"," 4","999.9"," 0"," 12.4"," 4","  5.2"," 4","  8.9","999.9","  64.9","*","  50.0"," "," 0.00","I","999.9","000000"
"03075099999","1934-07-17","58.458889","-3.093056","38.4","WICK, UK","  58.5"," 4","  56.5"," 4","1013.4"," 4","999.9"," 0"," 10.9"," 4","  5.1"," 4","  5.1","999.9","  66.0"," ","  55.9"," ","99.99"," ","999.9","010000"
"03075099999","1934-07-18","58.458889","-3.093056","38.4","WICK, UK","  54.8"," 4","  53.7"," 4","1011.2"," 4","999.9"," 0","  1.6"," 4","  3.5"," 4","  5.1","999.9","  66.0"," ","  53.1"," "," 0.00","I","999.9","100000"
"03075099999","1934-07-19","58.458889","-3.093056","38.4","WICK, UK","  55.5"," 4","  52.0"," 4","1007.7"," 4","999.9"," 0","  7.8"," 4"," 13.5"," 4"," 18.1","999.9","  61.0"," ","  53.1"," "," 0.00","I","999.9","100000"
"03075099999","1934-07-20","58.458889","-3.093056","38.4","WICK, UK","  54.2"," 4","  50.0"," 4","1009.9"," 4","999.9"," 0"," 12.4"," 4","  5.1"," 4","  5.1","999.9","  57.9","*","  46.9"," "," 0.00","I","999.9","000000"
"03075099999","1934-07-21","58.458889","-3.093056","38.4","WICK, UK","  53.3"," 4","  51.5"," 4","1011.7"," 4","999.9"," 0","  8.4"," 4","  4.3"," 4","  5.1","999.9","  61.0"," ","  50.0"," ","99.99"," ","999.9","010000"
"03075099999","1934-07-22","58.458889","-3.093056","38.4","WICK, UK","  53.8"," 4","  52.7"," 4","1010.8"," 4","999.9"," 0","  4.3"," 4","  5.2"," 4","  8.9","999.9","  55.9"," ","  53.1"," ","99.99"," ","999.9","010000"
"03075099999","1934-07-23","58.458889","-3.093056","38.4","WICK, UK","  55.0"," 4","  51.8"," 4","1010.3"," 4","999.9"," 0"," 10.9"," 4","  8.9"," 4","  8.9","999.9","  57.0","*","  48.0"," "," 0.00","I","999.9","000000"
"03075099999","1934-07-24","58.458889","-3.093056","38.4","WICK, UK","  54.2"," 4","  51.5"," 4","1013.1"," 4","999.9"," 0","  9.4"," 4","  4.3"," 4","  5.1","999.9","  60.1"," ","  45.0"," "," 0.00","I","999.9","000000"
"03075099999","1934-07-25","58.458889","-3.093056","38.4","WICK, UK","  58.0"," 4","  55.3"," 4","1009.2"," 4","999.9"," 0"," 10.9"," 4","  9.0"," 4"," 13.0","999.9","  63.0"," ","  53.1"," ","99.99"," ","999.9","010000"
"03075099999","1934-07-26","58.458889","-3.093056","38.4","WICK, UK","  57.5"," 4","  54.0"," 4","1006.2"," 4","999.9"," 0"," 12.4"," 4","  8.0"," 4"," 13.0","999.9","  63.0"," ","  54.0"," ","99.99"," ","999.9","010000"
"03075099999","1934-07-27","58.458889","-3.093056","38.4","WICK, UK","  54.7"," 4","  49.7"," 4","1004.2"," 4","999.9"," 0"," 12.4"," 4"," 12.0"," 4"," 13.0","999.9","  62.1"," ","  50.0"," ","99.99"," ","999.9","010000"
"03075099999","1934-07-28","58.458889","-3.093056","38.4","WICK, UK","  54.2"," 4","  49.8"," 4","1001.7"," 4","999.9"," 0"," 12.4"," 4","  9.0"," 4"," 13.0","999.9","  60.1"," ","  50.0"," ","99.99"," ","999.9","010000"
"03075099999","1934-07-29","58.458889","-3.093056","38.4","WICK, UK","  55.0"," 4","  50.5"," 4","1002.0"," 4","999.9"," 0"," 10.9"," 4","  5.1"," 4","  5.1","999.9","  59.0"," ","  48.9"," ","99.99"," ","999.9","010000"
"03075099999","1934-07-30","58.458889","-3.093056","38.4","WICK, UK","  55.5"," 4","  53.5"," 4","1001.4"," 4","999.9"," 0"," 12.4"," 4","  9.0"," 4"," 13.0","999.9","  61.0"," ","  50.0"," "," 0.00","I","999.9","000000"
"03075099999","1934-07-31","58.458889","-3.093056","38.4","WICK, UK","  57.5"," 4","  54.5"," 4"," 997.6"," 4","999.9"," 0","  6.8"," 4"," 11.0"," 4"," 13.0","999.9","  61.0"," ","  55.0"," ","99.99"," ","999.9","010000"
"03075099999","1934-08-01","58.458889","-3.093056","38.4","WICK, UK","  57.2"," 4","  53.7"," 4","1003.7"," 4","999.9"," 0"," 12.4"," 4","  8.0"," 4","  8.9","999.9","  62.1"," ","  54.0"," "," 0.00","I","999.9","000000"
"03075099999","1934-08-02","58.458889","-3.093056","38.4","WICK, UK","  55.5"," 4","  54.5"," 4","1002.5"," 4","999.9"," 0","  6.8"," 4"," 11.0"," 4"," 13.0","999.9","  64.0"," ","  55.0"," ","99.99"," ","999.9","010000"
"03075099999","1934-08-03","58.458889","-3.093056","38.4","WICK, UK","  56.5"," 4","  55.5"," 4"," 995.6"," 4","999.9"," 0","  3.9"," 4"," 12.2"," 4"," 18.1","999.9","  59.0","*","  55.0"," ","99.99"," ","999.9","010000"
"03075099999","1934-08-04","58.458889","-3.093056","38.4","WICK, UK","  56.7"," 4","  52.5"," 4","1003.6"," 4","999.9"," 0"," 12.4"," 4"," 10.0"," 4"," 13.0","999.9","  60.1"," ","  52.0"," "," 0.00","I","999.9","000000"
"03075099999","1934-08-05","58.458889","-3.093056","38.4","WICK, UK","  58.0"," 4","  54.5"," 4","1008.2"," 4","999.9"," 0"," 12.4"," 4","  5.2"," 4","  8.9","999.9","  61.0"," ","  54.0"," "," 0.00","I","999.9","000000"
"03075099999","1934-08-06","58.458889","-3.093056","38.4","WICK, UK","  54.3"," 4","  53.2"," 4","1014.0"," 4","999.9"," 0","  4.7"," 4","  2.7"," 4","  5.1","999.9","  61.0"," ","  50.0"," "," 0.00","I","999.9","100000"
"03075099999","1934-08-07","58.458889","-3.093056","38.4","WICK, UK","  56.5"," 4","  55.5"," 4","1018.5"," 4","999.9"," 0","  6.2"," 4","  1.9"," 4","  1.9","999.9","  60.1"," ","  54.0"," "," 0.00","I","999.9","000000"
"03075099999","1934-08-08","58.458889","-3.093056","38.4","WICK, UK","  57.7"," 4","  54.8"," 4","1012.6"," 4","999.9"," 0","  7.8"," 4","  7.2"," 4","  8.9","999.9","  60.1","*","  55.0"," "," 0.00","I","999.9","000000"
"03075099999","1934-08-09","58.458889","-3.093056","38.4","WICK, UK","  57.0"," 4","  53.5"," 4"," 999.0"," 4","999.9"," 0"," 12.4"," 4","  7.0"," 4"," 13.0","999.9","  61.0"," ","  53.1"," ","99.99"," ","999.9","010000"
"03075099999","1934-08-10","58.458889","-3.093056","38.4","WICK, UK","  55.5"," 4","  51.2"," 4"," 997.8"," 4","999.9"," 0"," 12.4"," 4","  6.0"," 4","  8.9","999.9","  66.0"," ","  51.1"," ","99.99"," ","999.9","010000"
"03075099999","1934-08-11","58.458889","-3.093056","38.4","WICK, UK","  56.5"," 4","  53.8"," 4"," 996.4"," 4","999.9"," 0"," 10.9"," 4","  9.0"," 4"," 13.0","999.9","  63.0"," ","  48.9"," ","99.99"," ","999.9","010000"
"03075099999","1934-08-12","58.458889","-3.093056","38.4","WICK, UK","  56.0"," 4","  52.6"," 4"," 999.7"," 4","999.9"," 0"," 10.9"," 4"," 13.0"," 4"," 13.0","999.9","  63.0"," ","  53.1"," ","99.99"," ","999.9","010000"
"03075099999","1934-08-13","58.458889","-3.093056","38.4","WICK, UK","  54.5"," 4","  52.8"," 4","1011.6"," 4","999.9"," 0"," 12.4"," 4"," 15.5"," 4"," 18.1","999.9","  61.0"," ","  52.0"," ","99.99"," ","999.9","010000"
"03075099999","1934-08-14","58.458889","-3.093056","38.4","WICK, UK","  54.2"," 4","  48.2"," 4","1016.5"," 4","999.9"," 0"," 12.4"," 4","  5.2"," 4","  8.9","999.9","  57.9","*","  50.0"," "," 0.00","I","999.9","000000"
"03075099999","1934-08-15","58.458889","-3.093056","38.4","WICK, UK","  56.5"," 4","  55.4"," 4","1009.8"," 4","999.9"," 0"," 12.4"," 4","  6.0"," 4","  8.9","999.9","  59.0"," ","  53.1"," ","99.99"," ","999.9","010000"
"03075099999","1934-08-16","58.458889","-3.093056","38.4","WICK, UK","  53.5"," 4","  50.2"," 4","1010.1"," 4","999.9"," 0"," 12.4"," 4"," 10.0"," 4"," 13.0","999.9","  61.0"," ","  50.0"," ","99.99"," ","999.9","010000"
"03075099999","1934-08-17","58.458889","-3.093056","38.4","WICK, UK","  54.8"," 4","  50.5"," 4","1016.5"," 4","999.9"," 0"," 12.4"," 4","  6.0"," 4","  8.9","999.9","  60.1"," ","  48.9"," "," 0.00","I","999.9","000000"
"03075099999","1934-08-18","58.458889","-3.093056","38.4","WICK, UK","  55.8"," 4","  54.0"," 4","1014.9"," 4","999.9"," 0"," 10.9"," 4","  5.2"," 4","  8.9","999.9","  63.0"," ","  52.0"," ","99.99"," ","999.9","010000"
"03075099999","1934-08-19","58.458889","-3.093056","38.4","WICK, UK","  57.8"," 4","  51.5"," 4","1006.0"," 4","999.9"," 0"," 10.9"," 4","  8.0"," 4"," 13.0","999.9","  62.1"," ","  46.9"," ","99.99"," ","999.9","010000"
"03075099999","1934-08-20","58.458889","-3.093056","38.4","WICK, UK","  54.5"," 4","  53.5"," 4","1000.5"," 4","999.9"," 0"," 10.9"," 4","  8.0"," 4","  8.9","999.9","  62.1"," ","  52.0"," "," 0.00","I","999.9","000000"
"03075099999","1934-08-21","58.458889","-3.093056","38.4","WICK, UK","  55.0"," 4","  52.2"," 4"," 996.0"," 4","999.9"," 0"," 10.9"," 4"," 11.2"," 4"," 18.1","999.9","  57.9"," ","  48.0"," ","99.99"," ","999.9","010000"
"03075099999","1934-08-22","58.458889","-3.093056","38.4","WICK, UK","  56.0"," 4","  47.0"," 4"," 995.1"," 4","999.9"," 0"," 12.4"," 4"," 13.3"," 4"," 18.1","999.9","  60.1","*","  50.0"," "," 0.00","I","999.9","000000"
"03075099999","1934-08-23","58.458889","-3.093056","38.4","WICK, UK","  55.0"," 4","  51.5"," 4"," 999.0"," 4","999.9"," 0"," 12.4"," 4"," 10.0"," 4"," 13.0","999.9","  62.1"," ","  51.1"," ","99.99"," ","999.9","010000"
"03075099999","1934-08-24","58.458889","-3.093056","38.4","WICK, UK","  53.2"," 4","  48.7"," 4","1011.3"," 4","999.9"," 0"," 10.9"," 4","  9.0"," 4"," 13.0","999.9","  59.0"," ","  45.0"," ","99.99"," ","999.9","010000"
"03075099999","1934-08-25","58.458889","-3.093056","38.4","WICK, UK","  53.2"," 4","  51.5"," 4","1018.4"," 4","999.9"," 0"," 12.4"," 4","  5.1"," 4","  5.1","999.9","  60.1"," ","  43.0"," ","99.99"," ","999.9","010000"
"03075099999","1934-08-26","58.458889","-3.093056","38.4","WICK, UK","  56.0"," 4","  53.0"," 4","1020.4"," 4","999.9"," 0"," 12.4"," 4","  5.1"," 4","  5.1","999.9","  60.1","*","  48.0"," "," 0.00","I","999.9","000000"
"03075099999","1934-08-27","58.458889","-3.093056","38.4","WICK, UK","  55.3"," 4","  53.5"," 4","1014.9"," 4","999.9"," 0","  6.2"," 4"," 16.0"," 4"," 23.9","999.9","  63.0"," ","  50.0"," "," 0.00","I","999.9","000000"
"03075099999","1934-08-28","58.458889","-3.093056","38.4","WICK, UK","  57.2"," 4","  56.2"," 4","1002.5"," 4","999.9"," 0","  4.0"," 4"," 28.4"," 4"," 29.9","999.9","  57.9"," ","  55.9"," ","99.99"," ","999.9","010000"
"03075099999","1934-08-29","58.458889","-3.093056","38.4","WICK, UK","  54.3"," 4","  53.2"," 4"," 993.4"," 4","999.9"," 0","  6.2"," 4"," 16.9"," 4"," 36.9","999.9","  57.9"," ","  52.0","*","99.99"," ","999.9","010000"
"03075099999","1934-08-30","58.458889","-3.093056","38.4","WICK, UK","  55.5"," 4","  51.3"," 4"," 997.1"," 4","999.9"," 0"," 12.4"," 4"," 11.2"," 4"," 18.1","999.9","  59.0","*","  50.0"," "," 0.00","I","999.9","000000"
"03075099999","1934-08-31","58.458889","-3.093056","38.4","WICK, UK","  51.5"," 4","  47.3"," 4","1005.2"," 4","999.9"," 0"," 12.4"," 4","  7.0"," 4"," 13.0","999.9","  59.0"," ","  44.1"," "," 0.00","I","999.9","000000"
"03075099999","1934-09-01","58.458889","-3.093056","38.4","WICK, UK","  55.0"," 4","  52.6"," 4","1005.4"," 4","999.9"," 0"," 12.4"," 4","  8.0"," 4","  8.9","999.9","  57.0"," ","  52.0"," "," 0.00","I","999.9","000000"
"03075099999","1934-09-02","58.458889","-3.093056","38.4","WICK, UK","  51.8"," 4","  49.3"," 4","1003.3"," 4","999.9"," 0"," 12.4"," 4","  8.0"," 4","  8.9","999.9","  57.0"," ","  39.0"," "," 0.00","I","999.9","000000"
"03075099999","1934-09-03","58.458889","-3.093056","38.4","WICK, UK","  57.5"," 4","  52.3"," 4"," 994.0"," 4","999.9"," 0"," 10.9"," 4"," 20.2"," 4"," 29.9","999.9","  61.0","*","  54.0"," ","99.99"," ","999.9","010000"
"03075099999","1934-09-04","58.458889","-3.093056","38.4","WICK, UK","  56.2"," 4","  53.0"," 4","1004.9"," 4","999.9"," 0"," 10.9"," 4"," 15.0"," 4"," 23.9","999.9","  62.1"," ","  52.0"," ","99.99"," ","999.9","010000"
"03075099999","1934-09-05","58.458889","-3.093056","38.4","WICK, UK","  54.0"," 4","  50.8"," 4","1019.2"," 4","999.9"," 0"," 12.4"," 4","  6.0"," 4","  8.9","999.9","  61.0"," ","  48.9"," "," 0.00","I","999.9","000000"
"03075099999","1934-09-06","58.458889","-3.093056","38.4","WICK, UK","  55.0"," 4","  52.5"," 4","1026.0"," 4","999.9"," 0"," 12.4"," 4","  8.0"," 4","  8.9","999.9","  62.1"," ","  52.0"," "," 0.00","I","999.9","000000"
"03075099999","1934-09-07","58.458889","-3.093056","38.4","WICK, UK","  55.3"," 4","  52.7"," 4","1014.4"," 4","999.9"," 0","  5.6"," 4"," 19.5"," 4"," 23.9","999.9","  59.0"," ","  53.1"," ","99.99"," ","999.9","010000"
"03075099999","1934-09-08","58.458889","-3.093056","38.4","WICK, UK","  57.2"," 4","  51.7"," 4","1000.5"," 4","999.9"," 0","  8.1"," 4"," 14.0"," 4"," 23.9","999.9","  61.0","*","  55.0"," ","99.99"," ","999.9","010000"
"03075099999","1934-09-09","58.458889","-3.093056","38.4","WICK, UK","  56.2"," 4","  52.0"," 4","1003.5"," 4","999.9"," 0"," 12.4"," 4","  6.0"," 4","  8.9","999.9","  62.1"," ","  48.0"," "," 0.00","I","999.9","000000"
"03075099999","1934-09-10","58.458889","-3.093056","38.4","WICK, UK","  53.0"," 4","  50.5"," 4","1012.3"," 4","999.9"," 0"," 10.9"," 4"," 11.7"," 4"," 23.9","999.9","  61.0"," ","  44.1"," "," 0.00","I","999.9","000000"
"03075099999","1934-09-11","58.458889","-3.093056","38.4","WICK, UK","  57.0"," 4","  51.1"," 4","1015.0"," 4","999.9"," 0"," 12.4"," 4"," 10.0"," 4"," 13.0","999.9","  59.0"," ","  52.0"," "," 0.00","I","999.9","000000"
"03075099999","1934-09-12","58.458889","-3.093056","38.4","WICK, UK","  57.5"," 4","  53.7"," 4","1025.2"," 4","999.9"," 0"," 12.4"," 4","  7.0"," 4","  8.9","999.9","  62.1"," ","  48.9"," "," 0.00","I","999.9","000000"
"03075099999","1934-09-13","58.458889","-3.093056","38.4","WICK, UK","  56.5"," 4","  53.7"," 4","1026.4"," 4","999.9"," 0"," 12.4"," 4","  8.0"," 4","  8.9","999.9","  62.1"," ","  53.1"," "," 0.00","I","999.9","000000"
"03075099999","1934-09-14","58.458889","-3.093056","38.4","WICK, UK","  56.5"," 4","  55.5"," 4","1024.8"," 4","999.9"," 0","  3.8"," 4","  7.0"," 4"," 13.0","999.9","  61.0"," ","  54.0"," "," 0.00","I","999.9","100000"
"03075099999","1934-09-15","58.458889","-3.093056","38.4","WICK, UK","  56.0"," 4","  54.3"," 4","1017.2"," 4","999.9"," 0","  0.2"," 4"," 13.5"," 4"," 18.1","999.9","  59.0"," ","  54.0"," "," 0.00","I","999.9","100000"
"03075099999","1934-09-16","58.458889","-3.093056","38.4","WICK, UK","  56.7"," 4","  55.0"," 4","1008.5"," 4","999.9"," 0","  1.8"," 4"," 10.2"," 4"," 18.1","999.9","  57.9","*","  55.0"," "," 0.00","I","999.9","100000"
"03075099999","1934-09-17","58.458889","-3.093056","38.4","WICK, UK","  55.5"," 4","  53.0"," 4","1006.2"," 4","999.9"," 0","  9.3"," 4"," 13.5"," 4"," 18.1","999.9","  64.0"," ","  51.1"," "," 0.00","I","999.9","000000"
"03075099999","1934-09-18","58.458889","-3.093056","38.4","WICK, UK","  56.2"," 4","  48.2"," 4","1004.3"," 4","999.9"," 0"," 12.4"," 4"," 11.0"," 4"," 13.0","999.9","  59.0"," ","  50.0"," "," 0.00","I","999.9","000000"
"03075099999","1934-09-19","58.458889","-3.093056","38.4","WICK, UK","  53.5"," 4","  50.3"," 4"," 997.1"," 4","999.9"," 0"," 10.9"," 4"," 13.5"," 4"," 18.1","999.9","  61.0"," ","  50.0","*","99.99"," ","999.9","010000"
"03075099999","1934-09-20","58.458889","-3.093056","38.4","WICK, UK","  49.0"," 4","  42.8"," 4"," 999.2"," 4","999.9"," 0"," 12.4"," 4","  8.0"," 4"," 13.0","999.9","  57.0","*","  42.1"," "," 0.00","I","999.9","000000"
"03075099999","1934-09-22","58.458889","-3.093056","38.4","WICK, UK","  46.5"," 4","  44.0"," 4","1001.6"," 4","999.9"," 0","  9.3"," 4"," 11.3"," 4"," 18.1","999.9","  54.0"," ","  39.9"," ","99.99"," ","999.9","010000"
"03075099999","1934-09-23","58.458889","-3.093056","38.4","WICK, UK","  50.8"," 4","  46.5"," 4","9999.9"," 0","999.9"," 0"," 10.9"," 4"," 13.5"," 4"," 18.1","999.9","  54.0","*","  41.0"," ","99.99"," ","999.9","010000"
"03075099999","1934-09-24","58.458889","-3.093056","38.4","WICK, UK","  52.3"," 4","  47.8"," 4"," 995.2"," 4","999.9"," 0"," 12.4"," 4"," 11.0"," 4"," 13.0","999.9","  55.0"," ","  46.9"," "," 0.00","I","999.9","000000"
"03075099999","1934-09-25","58.458889","-3.093056","38.4","WICK, UK","  49.5"," 4","  44.2"," 4","1002.3"," 4","999.9"," 0"," 12.4"," 4"," 11.0"," 4"," 13.0","999.9","  55.9"," ","  43.0"," "," 0.00","I","999.9","000000"
"03075099999","1934-09-28","58.458889","-3.093056","38.4","WICK, UK","  55.9"," 4","  54.3"," 4","1006.5"," 4","999.9"," 0","  6.8"," 4"," 16.0"," 4"," 23.9","999.9","  57.9"," ","  53.1"," ","99.99"," ","999.9","010000"
"03075099999","1934-09-29","58.458889","-3.093056","38.4","WICK, UK","  56.2"," 4","  54.5"," 4","1008.2"," 4","999.9"," 0","  5.9"," 4"," 10.3"," 4"," 18.1","999.9","  59.0"," ","  54.0","*","99.99"," ","999.9","010000"
"03075099999","1934-09-30","58.458889","-3.093056","38.4","WICK, UK","  53.7"," 4","  50.5"," 4","1005.0"," 4","999.9"," 0"," 12.4"," 4"," 12.2"," 4"," 18.1","999.9","  57.0"," ","  50.0"," "," 0.00","I","999.9","000000"
"03075099999","1934-10-01","58.458889","-3.093056","38.4","WICK, UK","  51.8"," 4","  47.5"," 4","1005.0"," 4","999.9"," 0"," 12.4"," 4","  6.0"," 4","  8.9","999.9","  57.9"," ","  46.9"," "," 0.00","I","999.9","000000"
"03075099999","1934-10-02","58.458889","-3.093056","38.4","WICK, UK","  48.2"," 4","  44.0"," 4","1006.1"," 4","999.9"," 0"," 10.9"," 4","  5.2"," 4","  8.9","999.9","  59.0"," ","  44.1"," ","99.99"," ","999.9","010000"
"03075099999","1934-10-03","58.458889","-3.093056","38.4","WICK, UK","  50.3"," 4","  47.7"," 4","9999.9"," 0","999.9"," 0","  9.9"," 4"," 16.5"," 4"," 29.9","999.9","  55.0"," ","  41.0"," ","99.99"," ","999.9","010000"
"03075099999","1934-10-04","58.458889","-3.093056","38.4","WICK, UK","  48.8"," 4","  43.5"," 4"," 980.1"," 4","999.9"," 0"," 12.4"," 4"," 10.0"," 4"," 13.0","999.9","  55.0"," ","  39.9"," "," 0.00","I","999.9","000000"
"03075099999","1934-10-05","58.458889","-3.093056","38.4","WICK, UK","  49.8"," 4","  46.9"," 4"," 985.1"," 4","999.9"," 0"," 12.4"," 4","  7.0"," 4","  8.9","999.9","  54.0"," ","  46.0"," "," 0.00","I","999.9","000000"
"03075099999","1934-10-06","58.458889","-3.093056","38.4","WICK, UK","  46.0"," 4","  44.2"," 4","1008.2"," 4","999.9"," 0"," 10.9"," 4"," 13.3"," 4"," 29.9","999.9","  55.0"," ","  39.9"," ","99.99"," ","999.9","010000"
"03075099999","1934-10-07","58.458889","-3.093056","38.4","WICK, UK","  56.0"," 4","  49.8"," 4","1006.1"," 4","999.9"," 0","  9.3"," 4"," 15.7"," 4"," 23.9","999.9","  61.0","*","  50.0"," "," 0.00","I","999.9","000000"
"03075099999","1934-10-08","58.458889","-3.093056","38.4","WICK, UK","  49.2"," 4","  41.5"," 4","1016.0"," 4","999.9"," 0"," 12.4"," 4"," 15.5"," 4"," 18.1","999.9","  62.1"," ","  44.1"," "," 0.00","I","999.9","000000"
"03075099999","1934-10-09","58.458889","-3.093056","38.4","WICK, UK","  46.3"," 4","  42.7"," 4","1014.2"," 4","999.9"," 0"," 10.9"," 4"," 11.3"," 4"," 18.1","999.9","  55.0"," ","  39.9"," ","99.99"," ","999.9","010000"
"03075099999","1934-10-10","58.458889","-3.093056","38.4","WICK, UK","  49.7"," 4","  43.6"," 4","1012.1"," 4","999.9"," 0"," 10.9"," 4"," 17.4"," 4"," 23.9","999.9","  55.9","*","  41.0"," ","99.99"," ","999.9","010000"
"03075099999","1934-10-11","58.458889","-3.093056","38.4","WICK, UK","  51.8"," 4","  47.5"," 4","1015.6"," 4","999.9"," 0"," 12.4"," 4"," 12.2"," 4"," 18.1","999.9","  57.0"," ","  45.0"," ","99.99"," ","999.9","010000"
"03075099999","1934-10-12","58.458889","-3.093056","38.4","WICK, UK","  50.8"," 4","  49.0"," 4","1015.0"," 4","999.9"," 0","  9.9"," 4"," 10.0"," 4"," 13.0","999.9","  62.1"," ","  50.0"," ","99.99"," ","999.9","010000"
"03075099999","1934-10-13","58.458889","-3.093056","38.4","WICK, UK","  49.5"," 4","  46.0"," 4","1020.1"," 4","999.9"," 0"," 12.4"," 4","  7.0"," 4","  8.9","999.9","  57.0"," ","  45.0"," ","99.99"," ","999.9","010000"
"03075099999","1934-10-14","58.458889","-3.093056","38.4","WICK, UK","  43.5"," 4","  41.7"," 4","1001.0"," 4","999.9"," 0","  7.8"," 4"," 15.9"," 4"," 36.9","999.9","  54.0"," ","  39.0","*","99.99"," ","999.9","010000"
"03075099999","1934-10-15","58.458889","-3.093056","38.4","WICK, UK","  45.0"," 4","  40.0"," 4","1004.2"," 4","999.9"," 0"," 12.4"," 4"," 22.2"," 4"," 36.9","999.9","  50.0","*","  35.1"," ","99.99"," ","999.9","010000"
"03075099999","1934-10-16","58.458889","-3.093056","38.4","WICK, UK","  45.8"," 4","  39.2"," 4","1022.2"," 4","999.9"," 0"," 10.9"," 4"," 19.5"," 4"," 23.9","999.9","  51.1"," ","  39.9"," "," 0.00","I","999.9","000000"
"03075099999","1934-10-17","58.458889","-3.093056","38.4","WICK, UK","  45.3"," 4","  42.8"," 4","1012.1"," 4","999.9"," 0","  6.8"," 4","  6.0"," 4","  8.9","999.9","  52.0","*","  41.0"," ","99.99"," ","999.9","010000"
"03075099999","1934-10-18","58.458889","-3.093056","38.4","WICK, UK","  50.7"," 4","  49.8"," 4","1001.3"," 4","999.9"," 0","  7.8"," 4"," 15.5"," 4"," 18.1","999.9","  52.0"," ","  48.0"," ","99.99"," ","999.9","010000"
"03075099999","1934-10-19","58.458889","-3.093056","38.4","WICK, UK","  49.2"," 4","  45.8"," 4","1006.6"," 4","999.9"," 0"," 12.4"," 4","  8.9"," 4","  8.9","999.9","  55.0"," ","  44.1"," "," 0.00","I","999.9","000000"
"03075099999","1934-10-20","58.458889","-3.093056","38.4","WICK, UK","  54.7"," 4","  53.0"," 4","1001.7"," 4","999.9"," 0"," 12.4"," 4","  9.0"," 4"," 13.0","999.9","  57.9","*","  51.1"," ","99.99"," ","999.9","010000"
"03075099999","1934-10-22","58.458889","-3.093056","38.4","WICK, UK","  51.3"," 4","  45.2"," 4"," 985.0"," 4","999.9"," 0"," 10.9"," 4"," 27.2"," 4"," 36.9","999.9","  55.9"," ","  46.9","*","99.99"," ","999.9","010000"
"03075099999","1934-10-23","58.458889","-3.093056","38.4","WICK, UK","  41.4"," 4","  39.7"," 4"," 998.0"," 4","999.9"," 0"," 12.4"," 4"," 12.0"," 4"," 13.0","999.9","  53.1"," ","  39.9"," ","99.99"," ","999.9","001000"
"03075099999","1934-10-24","58.458889","-3.093056","38.4","WICK, UK","  38.3"," 4","  34.7"," 4","1007.4"," 4","999.9"," 0"," 12.4"," 4","  6.0"," 4","  8.9","999.9","  50.0"," ","  32.0"," "," 0.00","I","999.9","000000"
"03075099999","1934-10-25","58.458889","-3.093056","38.4","WICK, UK","  45.0"," 4","  42.2"," 4"," 999.2"," 4","999.9"," 0","  8.4"," 4"," 23.0"," 4"," 36.9","999.9","  53.1","*","  28.9"," ","99.99"," ","999.9","010000"
"03075099999","1934-10-26","58.458889","-3.093056","38.4","WICK, UK","  43.5"," 4","  40.3"," 4"," 990.5"," 4","999.9"," 0"," 10.9"," 4"," 18.3"," 4"," 23.9","999.9","  54.0"," ","  37.9"," "," 0.00","I","999.9","000000"
"03075099999","1934-10-27","58.458889","-3.093056","38.4","WICK, UK","  42.5"," 4","  40.0"," 4"," 986.6"," 4","999.9"," 0"," 12.4"," 4"," 16.8"," 4"," 18.1","999.9","  46.9","*","  37.9"," ","99.99"," ","999.9","010000"
"03075099999","1934-10-28","58.458889","-3.093056","38.4","WICK, UK","  42.0"," 4","  41.0"," 4"," 989.2"," 4","999.9"," 0"," 17.1"," 4"," 15.5"," 4"," 18.1","999.9","  46.0"," ","  37.9"," ","99.99"," ","999.9","010000"
"03075099999","1934-10-29","58.458889","-3.093056","38.4","WICK, UK","  44.0"," 4","  41.5"," 4"," 999.1"," 4","999.9"," 0"," 12.4"," 4"," 15.5"," 4"," 18.1","999.9","  46.9"," ","  39.9"," ","99.99"," ","999.9","010000"
"03075099999","1934-10-30","58.458889","-3.093056","38.4","WICK, UK","  40.0"," 4","  33.8"," 4","1007.2"," 4","999.9"," 0"," 12.4"," 4"," 14.3"," 4"," 18.1","999.9","  48.0"," ","  37.9"," "," 0.00","I","999.9","000000"
"03075099999","1934-10-31","58.458889","-3.093056","38.4","WICK, UK","  33.5"," 4","  32.5"," 4","1009.0"," 4","999.9"," 0"," 12.4"," 4"," 11.0"," 4"," 13.0","999.9","  41.0"," ","  30.0"," ","99.99"," ","999.9","011100"
"03075099999","1934-11-01","58.458889","-3.093056","38.4","WICK, UK","  33.8"," 4","  32.0"," 4","1007.5"," 4","999.9"," 0","  9.3"," 4"," 10.0"," 4"," 13.0","999.9","  39.0"," ","  28.9"," ","99.99"," ","999.9","011000"
"03075099999","1934-11-02","58.458889","-3.093056","38.4","WICK, UK","  34.5"," 4","  33.5"," 4","1009.0"," 4","999.9"," 0"," 12.4"," 4","  7.0"," 4","  8.9","999.9","  37.9"," ","  30.0"," ","99.99"," ","999.9","011000"
"03075099999","1934-11-03","58.458889","-3.093056","38.4","WICK, UK","  39.8"," 4","  38.0"," 4","1010.9"," 4","999.9"," 0","  9.3"," 4"," 15.0"," 4"," 23.9","999.9","  46.0","*","  28.9"," ","99.99"," ","999.9","010000"
"03075099999","1934-11-04","58.458889","-3.093056","38.4","WICK, UK","  43.7"," 4","  42.8"," 4","1014.0"," 4","999.9"," 0"," 10.9"," 4"," 11.0"," 4"," 13.0","999.9","  46.0"," ","  37.9"," ","99.99"," ","999.9","010000"
"03075099999","1934-11-05","58.458889","-3.093056","38.4","WICK, UK","  38.5"," 4","  37.5"," 4","1012.1"," 4","999.9"," 0"," 10.9"," 4"," 18.1"," 4"," 18.1","999.9","  46.0"," ","  35.1","*","99.99"," ","999.9","010000"
"03075099999","1934-11-06","58.458889","-3.093056","38.4","WICK, UK","  41.3"," 4","  37.0"," 4","1010.1"," 4","999.9"," 0"," 12.4"," 4"," 12.0"," 4"," 13.0","999.9","  46.0","*","  35.1"," "," 0.00","I","999.9","000000"
"03075099999","1934-11-07","58.458889","-3.093056","38.4","WICK, UK","  41.2"," 4","  33.8"," 4","1010.6"," 4","999.9"," 0"," 12.4"," 4","  8.9"," 4","  8.9","999.9","  46.0"," ","  36.0","*"," 0.00","I","999.9","000000"
"03075099999","1934-11-08","58.458889","-3.093056","38.4","WICK, UK","  36.8"," 4","  33.4"," 4","1003.0"," 4","999.9"," 0"," 12.4"," 4","  7.0"," 4","  8.9","999.9","  46.0"," ","  28.0"," "," 0.00","I","999.9","000000"
"03075099999","1934-11-09","58.458889","-3.093056","38.4","WICK, UK","  45.0"," 4","  37.0"," 4","1002.5"," 4","999.9"," 0"," 12.4"," 4"," 11.0"," 4"," 13.0","999.9","  46.0","*","  39.9"," "," 0.00","I","999.9","000000"
"03075099999","1934-11-10","58.458889","-3.093056","38.4","WICK, UK","  47.8"," 4","  43.5"," 4","1006.2"," 4","999.9"," 0","  9.3"," 4"," 19.7"," 4"," 23.9","999.9","  48.0","*","  45.0"," ","99.99"," ","999.9","010000"
"03075099999","1934-11-11","58.458889","-3.093056","38.4","WICK, UK","  41.3"," 4","  39.5"," 4","1008.2"," 4","999.9"," 0"," 10.9"," 4","  4.3"," 4","  5.1","999.9","  48.9"," ","  36.0"," "," 0.00","I","999.9","000000"
"03075099999","1934-11-12","58.458889","-3.093056","38.4","WICK, UK","  38.5"," 4","  36.7"," 4","9999.9"," 0","999.9"," 0"," 12.4"," 4","  5.2"," 4","  8.9","999.9","  45.0","*","  30.0"," "," 0.00","I","999.9","000000"
"03075099999","1934-11-13","58.458889","-3.093056","38.4","WICK, UK","  41.8"," 4","  39.2"," 4"," 997.0"," 4","999.9"," 0"," 12.4"," 4","  6.0"," 4","  8.9","999.9","  46.9","*","  35.1","*"," 0.00","I","999.9","000000"
"03075099999","1934-11-14","58.458889","-3.093056","38.4","WICK, UK","  38.8"," 4","  37.0"," 4","1005.6"," 4","999.9"," 0"," 12.4"," 4","  7.0"," 4","  8.9","999.9","  46.0"," ","  32.0"," "," 0.00","I","999.9","000000"
"03075099999","1934-11-15","58.458889","-3.093056","38.4","WICK, UK","  40.0"," 4","  39.0"," 4","1017.5"," 4","999.9"," 0"," 10.9"," 4","  5.1"," 4","  5.1","999.9","  46.9"," ","  35.1"," ","99.99"," ","999.9","010000"
"03075099999","1934-11-16","58.458889","-3.093056","38.4","WICK, UK","  41.2"," 4","  40.3"," 4","1022.7"," 4","999.9"," 0"," 12.4"," 4","  5.2"," 4","  8.9","999.9","  46.9","*","  33.1"," "," 0.00","I","999.9","000000"
"03075099999","1934-11-17","58.458889","-3.093056","38.4","WICK, UK","  41.5"," 4","  39.0"," 4","1019.9"," 4","999.9"," 0"," 10.9"," 4","  7.0"," 4","  8.9","999.9","  48.0"," ","  36.0"," "," 0.00","I","999.9","000000"
"03075099999","1934-11-18","58.458889","-3.093056","38.4","WICK, UK","  40.5"," 4","  38.8"," 4","1023.1"," 4","999.9"," 0"," 12.4"," 4","  5.1"," 4","  5.1","999.9","  45.0"," ","  35.1"," "," 0.00","I","999.9","000000"
"03075099999","1934-11-19","58.458889","-3.093056","38.4","WICK, UK","  45.8"," 4","  44.7"," 4","1018.0"," 4","999.9"," 0"," 10.9"," 4","  7.0"," 4","  8.9","999.9","  48.0","*","  42.1"," ","99.99"," ","999.9","010000"
"03075099999","1934-11-20","58.458889","-3.093056","38.4","WICK, UK","  45.0"," 4","  42.5"," 4","1017.7"," 4","999.9"," 0"," 12.4"," 4"," 10.0"," 4"," 13.0","999.9","  48.9"," ","  37.9"," "," 0.00","I","999.9","000000"
"03075099999","1934-11-21","58.458889","-3.093056","38.4","WICK, UK","  44.7"," 4","  41.5"," 4","1020.5"," 4","999.9"," 0"," 12.4"," 4"," 14.5"," 4"," 18.1","999.9","  50.0"," ","  39.9"," "," 0.00","I","999.9","000000"
"03075099999","1934-11-22","58.458889","-3.093056","38.4","WICK, UK","  46.5"," 4","  45.5"," 4","1017.1"," 4","999.9"," 0","  9.3"," 4","  9.3"," 4"," 18.1","999.9","  48.9","*","  43.0"," ","99.99"," ","999.9","010000"
"03075099999","1934-11-23","58.458889","-3.093056","38.4","WICK, UK","  43.6"," 4","  39.2"," 4","1023.5"," 4","999.9"," 0"," 12.4"," 4","  6.0"," 4","  8.9","999.9","  48.9"," ","  37.0"," ","99.99"," ","999.9","010000"
"03075099999","1934-11-24","58.458889","-3.093056","38.4","WICK, UK","  47.7"," 4","  45.2"," 4","1024.8"," 4","999.9"," 0"," 12.4"," 4"," 12.2"," 4"," 18.1","999.9","  48.9","*","  44.1"," "," 0.00","I","999.9","000000"
"03075099999","1934-11-25","58.458889","-3.093056","38.4","WICK, UK","  48.7"," 4","  46.3"," 4","1021.5"," 4","999.9"," 0"," 12.4"," 4"," 17.0"," 4"," 23.9","999.9","  50.0"," ","  46.0"," "," 0.00","I","999.9","000000"
"03075099999","1934-11-26","58.458889","-3.093056","38.4","WICK, UK","  49.8"," 4","  47.3"," 4","1016.0"," 4","999.9"," 0","  8.4"," 4","  9.0"," 4"," 13.0","999.9","  51.1"," ","  48.0","*","99.99"," ","999.9","010000"
"03075099999","1934-11-27","58.458889","-3.093056","38.4","WICK, UK","  51.5"," 4","  44.7"," 4","1021.3"," 4","999.9"," 0"," 12.4"," 4"," 16.0"," 4"," 23.9","999.9","  55.0","*","  46.9"," "," 0.00","I","999.9","000000"
"03075099999","1934-11-28","58.458889","-3.093056","38.4","WICK, UK","  47.5"," 4","  43.0"," 4","1024.6"," 4","999.9"," 0","  8.4"," 4"," 10.3"," 4"," 18.1","999.9","  57.0"," ","  43.0","*","99.99"," ","999.9","010000"
"03075099999","1934-11-29","58.458889","-3.093056","38.4","WICK, UK","  43.8"," 4","  42.8"," 4","1030.0"," 4","999.9"," 0","  4.3"," 4","  5.1"," 4","  5.1","999.9","  52.0"," ","  41.0"," ","99.99"," ","999.9","010000"
"03075099999","1934-11-30","58.458889","-3.093056","38.4","WICK, UK","  46.0"," 4","  42.8"," 4","1025.2"," 4","999.9"," 0"," 12.4"," 4","  8.0"," 4"," 13.0","999.9","  48.0","*","  42.1"," "," 0.00","I","999.9","000000"
"03075099999","1934-12-01","58.458889","-3.093056","38.4","WICK, UK","  48.2"," 4","  44.3"," 4","1010.3"," 4","999.9"," 0","  7.8"," 4"," 21.2"," 4"," 23.9","999.9","  50.0","*","  46.0"," ","99.99"," ","999.9","010000"
"03075099999","1934-12-02","58.458889","-3.093056","38.4","WICK, UK","  49.5"," 4","  47.8"," 4"," 997.2"," 4","999.9"," 0"," 10.9"," 4"," 10.0"," 4"," 13.0","999.9","  52.0","*","  46.0","*","99.99"," ","999.9","010000"
"03075099999","1934-12-03","58.458889","-3.093056","38.4","WICK, UK","  44.0"," 4","  41.5"," 4","1000.0"," 4","999.9"," 0","  9.9"," 4"," 11.0"," 4"," 13.0","999.9","  53.1"," ","  42.1","*","99.99"," ","999.9","010000"
"03075099999","1934-12-04","58.458889","-3.093056","38.4","WICK, UK","  41.5"," 4","  34.2"," 4","1008.0"," 4","999.9"," 0"," 12.4"," 4"," 16.8"," 4"," 18.1","999.9","  45.0"," ","  39.9"," "," 0.00","I","999.9","000000"
"03075099999","1934-12-05","58.458889","-3.093056","38.4","WICK, UK","  43.5"," 4","  34.5"," 4","1006.7"," 4","999.9"," 0"," 12.4"," 4"," 23.9"," 4"," 23.9","999.9","  45.0","*","  39.0"," ","99.99"," ","999.9","010000"
"03075099999","1934-12-06","58.458889","-3.093056","38.4","WICK, UK","  44.5"," 4","  39.0"," 4","1006.3"," 4","999.9"," 0"," 12.4"," 4"," 16.0"," 4"," 23.9","999.9","  46.0","*","  41.0"," ","99.99"," ","999.9","010000"
"03075099999","1934-12-07","58.458889","-3.093056","38.4","WICK, UK","  46.2"," 4","  43.8"," 4"," 999.8"," 4","999.9"," 0"," 10.9"," 4","  9.0"," 4"," 13.0","999.9","  46.9"," ","  44.1"," "," 0.00","I","999.9","000000"
"03075099999","1934-12-08","58.458889","-3.093056","38.4","WICK, UK","  48.0"," 4","  46.3"," 4"," 994.7"," 4","999.9"," 0","  8.4"," 4"," 16.8"," 4"," 18.1","999.9","  48.9","*","  44.1"," "," 0.00","I","999.9","000000"
"03075099999","1934-12-09","58.458889","-3.093056","38.4","WICK, UK","  49.5"," 4","  48.4"," 4"," 985.9"," 4","999.9"," 0","  6.2"," 4"," 32.2"," 4"," 36.9","999.9","  50.0"," ","  46.9"," "," 0.00","I","999.9","000000"
"03075099999","1934-12-10","58.458889","-3.093056","38.4","WICK, UK","  47.5"," 4","  42.5"," 4"," 986.9"," 4","999.9"," 0"," 12.4"," 4"," 19.7"," 4"," 23.9","999.9","  51.1"," ","  43.0"," "," 0.00","I","999.9","000000"
"03075099999","1934-12-11","58.458889","-3.093056","38.4","WICK, UK","  46.9"," 4","  44.5"," 4"," 988.9"," 4","999.9"," 0"," 10.9"," 4"," 25.4"," 4"," 29.9","999.9","  48.9"," ","  46.0"," ","99.99"," ","999.9","010000"
"03075099999","1934-12-12","58.458889","-3.093056","38.4","WICK, UK","  47.0"," 4","  46.0"," 4"," 984.5"," 4","999.9"," 0","  6.2"," 4"," 27.5"," 4"," 36.9","999.9","  48.9"," ","  45.0","*","99.99"," ","999.9","010000"
"03075099999","1934-12-13","58.458889","-3.093056","38.4","WICK, UK","  46.4"," 4","  44.0"," 4"," 983.3"," 4","999.9"," 0","  5.3"," 4"," 25.4"," 4"," 29.9","999.9","  48.9"," ","  45.0"," "," 0.00","I","999.9","000000"
"03075099999","1934-12-14","58.458889","-3.093056","38.4","WICK, UK","  46.3"," 4","  44.5"," 4"," 983.9"," 4","999.9"," 0","  7.8"," 4"," 23.9"," 4"," 23.9","999.9","  46.9"," ","  45.0"," "," 0.00","I","999.9","000000"
"03075099999","1934-12-15","58.458889","-3.093056","38.4","WICK, UK","  47.2"," 4","  46.3"," 4"," 977.7"," 4","999.9"," 0","  6.2"," 4"," 33.7"," 4"," 36.9","999.9","  48.0","*","  44.1"," ","99.99"," ","999.9","010000"
"03075099999","1934-12-16","58.458889","-3.093056","38.4","WICK, UK","  48.0"," 4","  46.9"," 4"," 983.9"," 4","999.9"," 0","  5.3"," 4"," 12.2"," 4"," 18.1","999.9","9999.9"," ","  46.9"," ","99.99"," ","999.9","010000"
"03075099999","1934-12-17","58.458889","-3.093056","38.4","WICK, UK","  45.5"," 4","  44.5"," 4"," 990.4"," 4","999.9"," 0","  9.9"," 4","  8.0"," 4","  8.9","999.9","  48.9"," ","  41.0"," "," 0.00","I","999.9","000000"
"03075099999","1934-12-18","58.458889","-3.093056","38.4","WICK, UK","  46.0"," 4","  45.1"," 4"," 980.8"," 4","999.9"," 0","  9.3"," 4"," 21.2"," 4"," 29.9","999.9","  46.9"," ","  42.1"," ","99.99"," ","999.9","010000"
"03075099999","1934-12-20","58.458889","-3.093056","38.4","WICK, UK","  40.5"," 4","  39.5"," 4"," 999.0"," 4","999.9"," 0","  4.3"," 4","  4.3"," 4","  5.1","999.9","  48.0"," ","  35.1"," "," 0.00","I","999.9","000000"
"03075099999","1934-12-21","58.458889","-3.093056","38.4","WICK, UK","  44.5"," 4","  43.5"," 4","1010.8"," 4","999.9"," 0","  9.3"," 4"," 12.7"," 4"," 23.9","999.9","  46.0","*","  36.0"," "," 0.00","I","999.9","000000"
"03075099999","1934-12-22","58.458889","-3.093056","38.4","WICK, UK","  46.5"," 4","  45.5"," 4","1013.1"," 4","999.9"," 0"," 12.4"," 4"," 23.9"," 4"," 23.9","999.9","  46.9"," ","  44.1"," "," 0.00","I","999.9","000000"
"03075099999","1934-12-23","58.458889","-3.093056","38.4","WICK, UK","  45.5"," 4","  44.6"," 4","1009.5"," 4","999.9"," 0"," 10.9"," 4"," 27.1"," 4"," 36.9","999.9","  48.0"," ","  43.0","*","99.99"," ","999.9","010000"
"03075099999","1934-12-24","58.458889","-3.093056","38.4","WICK, UK","  45.8"," 4","  43.3"," 4","1014.4"," 4","999.9"," 0","  6.2"," 4"," 36.9"," 4"," 36.9","999.9","  46.9"," ","  44.1"," ","99.99"," ","999.9","010000"
"03075099999","1934-12-25","58.458889","-3.093056","38.4","WICK, UK","  43.8"," 4","  38.3"," 4","1018.6"," 4","999.9"," 0"," 12.4"," 4"," 36.9"," 4"," 36.9","999.9","  46.9"," ","  39.9"," ","99.99"," ","999.9","010000"
"03075099999","1934-12-26","58.458889","-3.093056","38.4","WICK, UK","  41.3"," 4","  39.5"," 4","1006.8"," 4","999.9"," 0","  6.2"," 4"," 38.7"," 4"," 43.9","999.9","  44.1"," ","  36.0"," ","99.99"," ","999.9","010100"
"03075099999","1934-12-27","58.458889","-3.093056","38.4","WICK, UK","  46.7"," 4","  45.8"," 4"," 998.4"," 4","999.9"," 0","  6.2"," 4"," 30.4"," 4"," 36.9","999.9","  46.9","*","  41.0"," ","99.99"," ","999.9","010000"
"03075099999","1934-12-28","58.458889","-3.093056","38.4","WICK, UK","  46.2"," 4","  45.3"," 4"," 995.5"," 4","999.9"," 0","  7.8"," 4"," 30.4"," 4"," 36.9","999.9","  48.0"," ","  45.0"," ","99.99"," ","999.9","010000"
"03075099999","1934-12-29","58.458889","-3.093056","38.4","WICK, UK","  44.7"," 4","  43.7"," 4"," 999.2"," 4","999.9"," 0","  9.3"," 4","  9.8"," 4"," 23.9","999.9","  48.0"," ","  41.0","*"," 0.00","I","999.9","000000"
"03075099999","1934-12-30","58.458889","-3.093056","38.4","WICK, UK","  44.2"," 4","  43.2"," 4","1002.8"," 4","999.9"," 0"," 10.9"," 4"," 12.7"," 4"," 23.9","999.9","  48.0"," ","  39.0"," ","99.99"," ","999.9","010000"
"03075099999","1934-12-31","58.458889","-3.093056","38.4","WICK, UK","  45.0"," 4","  44.0"," 4"," 998.5"," 4","999.9"," 0"," 12.4"," 4","  8.0"," 4","  8.9","999.9","  48.0"," ","  42.1"," ","99.99"," ","999.9","010000"
